book,model,sample_start,sample_end,status,scored_folds,mean_excess_return,mean_matched_excess_return,mean_turnover,full_sample_drawdown,descriptive_full_sample_net,descriptive_full_sample_benchmark,median_participation,capacity,leakage_passed
position_hs300,rules,2019-03-08,2026-09-28,complete,10,-0.031198428012261338,0.0,0.010531487304949818,-0.42285833466895617,-0.27415568505956367,0.18678470464076957,,,True
position_hs300,vol_target,2019-03-08,2026-09-28,complete,10,-0.03156955365650982,0.0,0.01114083006446135,-0.4185358101074913,-0.29585935961375687,0.18678470464076957,,,True
position_hs300,tsmom,2019-03-08,2026-09-28,complete,10,0.005943945288393382,0.0,0.007069514003718402,-0.2249954453692825,0.1259607125267237,0.18678470464076957,,,True
position_hs300,moving_average,2019-03-08,2026-09-28,complete,10,-0.028239620418835255,0.0,0.010487521166449238,-0.5495922949516868,-0.5300314332087175,0.18678470464076957,,,True
style,rules,2019-03-08,2026-09-28,complete,10,-0.06476402629719144,-0.01426268392620782,0.019587163476617542,-0.5903350102546528,-0.5585668392908967,0.18678470464076957,,,True
style,vol_target,2019-03-08,2026-09-28,complete,10,-0.06954293621051166,-0.012974699251719768,0.01807565187378955,-0.6241295564632773,-0.6228776014799978,0.18678470464076957,,,True
style,tsmom,2019-03-08,2026-09-28,complete,10,-0.0019077826255595176,-0.018893364246552146,0.012748989405903677,-0.2277081365866641,-0.06917435888655887,0.18678470464076957,,,True
style,moving_average,2019-03-08,2026-09-28,complete,10,-0.04141648488993856,-0.008827261819516319,0.013000709981114994,-0.6407998255528331,-0.6305696192028237,0.18678470464076957,,,True
futures_hs300,rules,2019-03-08,2026-09-28,complete,10,-0.027587887231608432,0.0,0.010339354140995408,-0.39251725844638463,-0.3518895781886796,0.18678470464076957,,,True
futures_hs300,vol_target,2019-03-08,2026-09-28,complete,10,-0.02680083931796372,0.0,0.010583435561758626,-0.3877164386871722,-0.3583666017292778,0.18678470464076957,,,True
futures_hs300,tsmom,2019-03-08,2026-09-28,complete,10,-0.11478954999101809,0.0,0.014225279751537954,-0.8671507673067105,-0.8381223622913454,0.18678470464076957,,,True
futures_hs300,moving_average,2019-03-08,2026-09-28,complete,10,-0.10567045565331126,0.0,0.014791914044104713,-0.8907674062285317,-0.8807663128898305,0.18678470464076957,,,True
