date,IF,IC,IM
2016-06-16,,,
2016-06-17,,,
2016-06-20,,,
2016-06-21,,,
2016-06-22,,,
2016-06-23,,,
2016-06-24,,,
2016-06-27,,,
2016-06-28,,,
2016-06-29,,,
2016-06-30,,,
2016-07-01,,,
2016-07-04,,,
2016-07-05,,,
2016-07-06,,,
2016-07-07,,,
2016-07-08,,,
2016-07-11,,,
2016-07-12,,,
2016-07-13,,,
2016-07-14,,,
2016-07-15,,,
2016-07-18,,,
2016-07-19,,,
2016-07-20,,,
2016-07-21,,,
2016-07-22,,,
2016-07-25,,,
2016-07-26,,,
2016-07-27,,,
2016-07-28,,,
2016-07-29,,,
2016-08-01,,,
2016-08-02,,,
2016-08-03,,,
2016-08-04,,,
2016-08-05,,,
2016-08-08,,,
2016-08-09,,,
2016-08-10,,,
2016-08-11,,,
2016-08-12,,,
2016-08-15,,,
2016-08-16,,,
2016-08-17,,,
2016-08-18,,,
2016-08-19,,,
2016-08-22,,,
2016-08-23,,,
2016-08-24,,,
2016-08-25,,,
2016-08-26,,,
2016-08-29,,,
2016-08-30,,,
2016-08-31,,,
2016-09-01,,,
2016-09-02,,,
2016-09-05,,,
2016-09-06,,,
2016-09-07,,,
2016-09-08,,,
2016-09-09,,,
2016-09-12,,,
2016-09-13,,,
2016-09-14,,,
2016-09-19,,,
2016-09-20,,,
2016-09-21,,,
2016-09-22,,,
2016-09-23,,,
2016-09-26,,,
2016-09-27,,,
2016-09-28,,,
2016-09-29,,,
2016-09-30,,,
2016-10-10,,,
2016-10-11,,,
2016-10-12,,,
2016-10-13,,,
2016-10-14,,,
2016-10-17,,,
2016-10-18,,,
2016-10-19,,,
2016-10-20,,,
2016-10-21,,,
2016-10-24,,,
2016-10-25,,,
2016-10-26,,,
2016-10-27,,,
2016-10-28,,,
2016-10-31,,,
2016-11-01,,,
2016-11-02,,,
2016-11-03,,,
2016-11-04,,,
2016-11-07,,,
2016-11-08,,,
2016-11-09,,,
2016-11-10,,,
2016-11-11,,,
2016-11-14,,,
2016-11-15,,,
2016-11-16,,,
2016-11-17,,,
2016-11-18,,,
2016-11-21,,,
2016-11-22,,,
2016-11-23,,,
2016-11-24,,,
2016-11-25,,,
2016-11-28,,,
2016-11-29,,,
2016-11-30,,,
2016-12-01,,,
2016-12-02,,,
2016-12-05,,,
2016-12-06,,,
2016-12-07,,,
2016-12-08,,,
2016-12-09,,,
2016-12-12,,,
2016-12-13,,,
2016-12-14,,,
2016-12-15,,,
2016-12-16,,,
2016-12-19,,,
2016-12-20,,,
2016-12-21,,,
2016-12-22,,,
2016-12-23,,,
2016-12-26,,,
2016-12-27,,,
2016-12-28,,,
2016-12-29,,,
2016-12-30,,,
2017-01-03,,,
2017-01-04,,,
2017-01-05,,,
2017-01-06,,,
2017-01-09,,,
2017-01-10,,,
2017-01-11,,,
2017-01-12,,,
2017-01-13,,,
2017-01-16,,,
2017-01-17,,,
2017-01-18,,,
2017-01-19,,,
2017-01-20,,,
2017-01-23,,,
2017-01-24,,,
2017-01-25,,,
2017-01-26,,,
2017-02-03,,,
2017-02-06,,,
2017-02-07,,,
2017-02-08,,,
2017-02-09,,,
2017-02-10,,,
2017-02-13,,,
2017-02-14,,,
2017-02-15,,,
2017-02-16,,,
2017-02-17,,,
2017-02-20,,,
2017-02-21,,,
2017-02-22,,,
2017-02-23,,,
2017-02-24,,,
2017-02-27,,,
2017-02-28,,,
2017-03-01,,,
2017-03-02,,,
2017-03-03,,,
2017-03-06,,,
2017-03-07,,,
2017-03-08,,,
2017-03-09,,,
2017-03-10,,,
2017-03-13,,,
2017-03-14,,,
2017-03-15,,,
2017-03-16,,,
2017-03-17,,,
2017-03-20,,,
2017-03-21,,,
2017-03-22,,,
2017-03-23,,,
2017-03-24,,,
2017-03-27,,,
2017-03-28,,,
2017-03-29,,,
2017-03-30,,,
2017-03-31,,,
2017-04-05,,,
2017-04-06,,,
2017-04-07,,,
2017-04-10,,,
2017-04-11,,,
2017-04-12,,,
2017-04-13,,,
2017-04-14,,,
2017-04-17,,,
2017-04-18,,,
2017-04-19,,,
2017-04-20,,,
2017-04-21,,,
2017-04-24,,,
2017-04-25,,,
2017-04-26,,,
2017-04-27,,,
2017-04-28,,,
2017-05-02,,,
2017-05-03,,,
2017-05-04,,,
2017-05-05,,,
2017-05-08,,,
2017-05-09,,,
2017-05-10,,,
2017-05-11,,,
2017-05-12,,,
2017-05-15,,,
2017-05-16,,,
2017-05-17,,,
2017-05-18,,,
2017-05-19,,,
2017-05-22,,,
2017-05-23,,,
2017-05-24,,,
2017-05-25,,,
2017-05-26,,,
2017-05-31,,,
2017-06-01,,,
2017-06-02,,,
2017-06-05,,,
2017-06-06,,,
2017-06-07,,,
2017-06-08,,,
2017-06-09,,,
2017-06-12,,,
2017-06-13,,,
2017-06-14,,,
2017-06-15,,,
2017-06-16,,,
2017-06-19,,,
2017-06-20,,,
2017-06-21,,,
2017-06-22,,,
2017-06-23,,,
2017-06-26,,,
2017-06-27,,,
2017-06-28,,,
2017-06-29,,,
2017-06-30,,,
2017-07-03,,,
2017-07-04,,,
2017-07-05,,,
2017-07-06,,,
2017-07-07,,,
2017-07-10,,,
2017-07-11,,,
2017-07-12,,,
2017-07-13,,,
2017-07-14,,,
2017-07-17,,,
2017-07-18,,,
2017-07-19,,,
2017-07-20,,,
2017-07-21,,,
2017-07-24,,,
2017-07-25,,,
2017-07-26,,,
2017-07-27,,,
2017-07-28,,,
2017-07-31,,,
2017-08-01,,,
2017-08-02,,,
2017-08-03,,,
2017-08-04,,,
2017-08-07,,,
2017-08-08,,,
2017-08-09,,,
2017-08-10,,,
2017-08-11,,,
2017-08-14,,,
2017-08-15,,,
2017-08-16,,,
2017-08-17,,,
2017-08-18,,,
2017-08-21,,,
2017-08-22,,,
2017-08-23,,,
2017-08-24,,,
2017-08-25,,,
2017-08-28,,,
2017-08-29,,,
2017-08-30,,,
2017-08-31,,,
2017-09-01,,,
2017-09-04,,,
2017-09-05,,,
2017-09-06,,,
2017-09-07,,,
2017-09-08,,,
2017-09-11,,,
2017-09-12,,,
2017-09-13,,,
2017-09-14,,,
2017-09-15,,,
2017-09-18,,,
2017-09-19,,,
2017-09-20,,,
2017-09-21,,,
2017-09-22,,,
2017-09-25,,,
2017-09-26,,,
2017-09-27,,,
2017-09-28,,,
2017-09-29,,,
2017-10-09,,,
2017-10-10,,,
2017-10-11,,,
2017-10-12,,,
2017-10-13,,,
2017-10-16,,,
2017-10-17,,,
2017-10-18,,,
2017-10-19,,,
2017-10-20,,,
2017-10-23,,,
2017-10-24,,,
2017-10-25,,,
2017-10-26,,,
2017-10-27,,,
2017-10-30,,,
2017-10-31,,,
2017-11-01,,,
2017-11-02,,,
2017-11-03,,,
2017-11-06,,,
2017-11-07,,,
2017-11-08,,,
2017-11-09,,,
2017-11-10,,,
2017-11-13,,,
2017-11-14,,,
2017-11-15,,,
2017-11-16,,,
2017-11-17,,,
2017-11-20,,,
2017-11-21,,,
2017-11-22,,,
2017-11-23,,,
2017-11-24,,,
2017-11-27,,,
2017-11-28,,,
2017-11-29,,,
2017-11-30,,,
2017-12-01,,,
2017-12-04,,,
2017-12-05,,,
2017-12-06,,,
2017-12-07,,,
2017-12-08,,,
2017-12-11,,,
2017-12-12,,,
2017-12-13,,,
2017-12-14,,,
2017-12-15,,,
2017-12-18,,,
2017-12-19,,,
2017-12-20,,,
2017-12-21,,,
2017-12-22,,,
2017-12-25,,,
2017-12-26,,,
2017-12-27,,,
2017-12-28,,,
2017-12-29,,,
2018-01-02,,,
2018-01-03,,,
2018-01-04,,,
2018-01-05,,,
2018-01-08,,,
2018-01-09,,,
2018-01-10,,,
2018-01-11,,,
2018-01-12,,,
2018-01-15,,,
2018-01-16,,,
2018-01-17,,,
2018-01-18,,,
2018-01-19,,,
2018-01-22,,,
2018-01-23,,,
2018-01-24,,,
2018-01-25,,,
2018-01-26,,,
2018-01-29,,,
2018-01-30,,,
2018-01-31,,,
2018-02-01,,,
2018-02-02,,,
2018-02-05,,,
2018-02-06,,,
2018-02-07,,,
2018-02-08,,,
2018-02-09,,,
2018-02-12,,,
2018-02-13,,,
2018-02-14,,,
2018-02-22,,,
2018-02-23,,,
2018-02-26,,,
2018-02-27,,,
2018-02-28,,,
2018-03-01,,,
2018-03-02,,,
2018-03-05,,,
2018-03-06,,,
2018-03-07,,,
2018-03-08,,,
2018-03-09,,,
2018-03-12,,,
2018-03-13,,,
2018-03-14,,,
2018-03-15,,,
2018-03-16,,,
2018-03-19,,,
2018-03-20,,,
2018-03-21,,,
2018-03-22,,,
2018-03-23,,,
2018-03-26,,,
2018-03-27,,,
2018-03-28,,,
2018-03-29,,,
2018-03-30,,,
2018-04-02,,,
2018-04-03,,,
2018-04-04,,,
2018-04-09,,,
2018-04-10,,,
2018-04-11,,,
2018-04-12,,,
2018-04-13,,,
2018-04-16,,,
2018-04-17,,,
2018-04-18,,,
2018-04-19,,,
2018-04-20,,,
2018-04-23,,,
2018-04-24,,,
2018-04-25,,,
2018-04-26,,,
2018-04-27,,,
2018-05-02,,,
2018-05-03,,,
2018-05-04,,,
2018-05-07,,,
2018-05-08,,,
2018-05-09,,,
2018-05-10,,,
2018-05-11,,,
2018-05-14,,,
2018-05-15,,,
2018-05-16,,,
2018-05-17,,,
2018-05-18,,,
2018-05-21,,,
2018-05-22,,,
2018-05-23,,,
2018-05-24,,,
2018-05-25,,,
2018-05-28,,,
2018-05-29,,,
2018-05-30,,,
2018-05-31,,,
2018-06-01,,,
2018-06-04,,,
2018-06-05,,,
2018-06-06,,,
2018-06-07,,,
2018-06-08,,,
2018-06-11,,,
2018-06-12,,,
2018-06-13,,,
2018-06-14,,,
2018-06-15,,,
2018-06-19,,,
2018-06-20,,,
2018-06-21,,,
2018-06-22,,,
2018-06-25,,,
2018-06-26,,,
2018-06-27,,,
2018-06-28,,,
2018-06-29,,,
2018-07-02,,,
2018-07-03,,,
2018-07-04,,,
2018-07-05,,,
2018-07-06,,,
2018-07-09,,,
2018-07-10,,,
2018-07-11,,,
2018-07-12,,,
2018-07-13,,,
2018-07-16,,,
2018-07-17,,,
2018-07-18,,,
2018-07-19,,,
2018-07-20,,,
2018-07-23,,,
2018-07-24,,,
2018-07-25,,,
2018-07-26,,,
2018-07-27,,,
2018-07-30,,,
2018-07-31,,,
2018-08-01,,,
2018-08-02,,,
2018-08-03,,,
2018-08-06,,,
2018-08-07,,,
2018-08-08,,,
2018-08-09,,,
2018-08-10,,,
2018-08-13,,,
2018-08-14,,,
2018-08-15,,,
2018-08-16,,,
2018-08-17,,,
2018-08-20,,,
2018-08-21,,,
2018-08-22,,,
2018-08-23,,,
2018-08-24,,,
2018-08-27,,,
2018-08-28,,,
2018-08-29,,,
2018-08-30,,,
2018-08-31,,,
2018-09-03,,,
2018-09-04,,,
2018-09-05,,,
2018-09-06,,,
2018-09-07,,,
2018-09-10,,,
2018-09-11,,,
2018-09-12,,,
2018-09-13,,,
2018-09-14,,,
2018-09-17,,,
2018-09-18,,,
2018-09-19,,,
2018-09-20,,,
2018-09-21,,,
2018-09-25,,,
2018-09-26,,,
2018-09-27,,,
2018-09-28,,,
2018-10-08,,,
2018-10-09,,,
2018-10-10,,,
2018-10-11,,,
2018-10-12,,,
2018-10-15,,,
2018-10-16,,,
2018-10-17,,,
2018-10-18,,,
2018-10-19,,,
2018-10-22,,,
2018-10-23,,,
2018-10-24,,,
2018-10-25,,,
2018-10-26,,,
2018-10-29,,,
2018-10-30,,,
2018-10-31,,,
2018-11-01,,,
2018-11-02,,,
2018-11-05,,,
2018-11-06,,,
2018-11-07,,,
2018-11-08,,,
2018-11-09,,,
2018-11-12,,,
2018-11-13,,,
2018-11-14,,,
2018-11-15,,,
2018-11-16,,,
2018-11-19,,,
2018-11-20,,,
2018-11-21,,,
2018-11-22,,,
2018-11-23,,,
2018-11-26,,,
2018-11-27,,,
2018-11-28,,,
2018-11-29,,,
2018-11-30,,,
2018-12-03,,,
2018-12-04,,,
2018-12-05,,,
2018-12-06,,,
2018-12-07,,,
2018-12-10,,,
2018-12-11,,,
2018-12-12,,,
2018-12-13,,,
2018-12-14,,,
2018-12-17,,,
2018-12-18,,,
2018-12-19,,,
2018-12-20,,,
2018-12-21,,,
2018-12-24,,,
2018-12-25,,,
2018-12-26,,,
2018-12-27,,,
2018-12-28,,,
2019-01-02,,,
2019-01-03,,,
2019-01-04,,,
2019-01-07,,,
2019-01-08,,,
2019-01-09,,,
2019-01-10,,,
2019-01-11,,,
2019-01-14,,,
2019-01-15,,,
2019-01-16,,,
2019-01-17,,,
2019-01-18,,,
2019-01-21,,,
2019-01-22,,,
2019-01-23,,,
2019-01-24,,,
2019-01-25,,,
2019-01-28,,,
2019-01-29,,,
2019-01-30,,,
2019-01-31,,,
2019-02-01,,,
2019-02-11,,,
2019-02-12,,,
2019-02-13,,,
2019-02-14,,,
2019-02-15,,,
2019-02-18,,,
2019-02-19,,,
2019-02-20,,,
2019-02-21,,,
2019-02-22,,,
2019-02-25,,,
2019-02-26,,,
2019-02-27,,,
2019-02-28,,,
2019-03-01,,,
2019-03-04,,,
2019-03-05,,,
2019-03-06,,,
2019-03-07,,,
2019-03-08,965.427,975.319,
2019-03-11,977.004,1003.37,
2019-03-12,983.866,1019.83,
2019-03-13,974.594,991.304,
2019-03-14,969.356,971.397,
2019-03-15,982.975,981.906,
2019-03-18,1013.57,1014.36,
2019-03-19,1005.24,1007.84,
2019-03-20,1005.81,1004.11,
2019-03-21,1003.56,1016.5,
2019-03-22,1007.02,1029.97,
2019-03-25,977.737,1010.69,
2019-03-26,969.46,981.573,
2019-03-27,975.065,987.752,
2019-03-28,972.865,974.912,
2019-03-29,1013.36,1015.06,
2019-04-01,1041.8,1060.68,
2019-04-02,1039.29,1057.5,
2019-04-03,1057.46,1072.6,
2019-04-04,1072.92,1082.22,
2019-04-08,1064.85,1064.31,
2019-04-09,1071.5,1071.27,
2019-04-10,1072.87,1068.16,
2019-04-11,1051.13,1049.1,
2019-04-12,1048.14,1045.85,
2019-04-15,1035.46,1024.35,
2019-04-16,1071.5,1055.02,
2019-04-17,1069.41,1055.58,
2019-04-18,1065.37,1049.58,
2019-04-19,1080.2,1060.72,
2019-04-22,1052.12,1042.29,
2019-04-23,1051.28,1019.32,
2019-04-24,1052.7,1032.86,
2019-04-25,1032.16,993.525,
2019-04-26,1016.29,987.604,
2019-04-29,1022.11,965.735,
2019-04-30,1022.32,967.364,
2019-05-06,955.579,880.296,
2019-05-07,969.932,897.391,
2019-05-08,956.679,891.36,
2019-05-09,937.664,886.216,
2019-05-10,967.941,917.891,
2019-05-13,951.493,900.833,
2019-05-14,947.093,899.648,
2019-05-15,967.156,917.558,
2019-05-16,969.88,923.774,
2019-05-17,947.459,892.655,
2019-05-20,939.707,892.692,
2019-05-21,949.502,907.234,
2019-05-22,948.664,904.681,
2019-05-23,931.797,885.883,
2019-05-24,934.887,882.997,
2019-05-27,944.788,907.123,
2019-05-28,949.712,904.496,
2019-05-29,950.079,900.278,
2019-05-30,947.983,900.759,
2019-05-31,941.54,889.695,
2019-06-03,946.517,885.846,
2019-06-04,939.288,878.224,
2019-06-05,936.249,873.599,
2019-06-06,928.392,853.247,
2019-06-10,940.754,861.795,
2019-06-11,970.718,902.239,
2019-06-12,962.808,891.101,
2019-06-13,960.87,895.208,
2019-06-14,953.458,881.115,
2019-06-17,954.199,883.586,
2019-06-18,956.105,883.239,
2019-06-19,971.193,900.228,
2019-06-20,1003.54,926.252,
2019-06-21,1003.91,944.206,
2019-06-24,1005.87,944.67,
2019-06-25,994.275,933.009,
2019-06-26,993.746,931.349,
2019-06-27,1006.08,938.646,
2019-06-28,1006.93,931.078,
2019-07-01,1032.66,956.446,
2019-07-02,1032.07,952.469,
2019-07-03,1023.66,946.716,
2019-07-04,1018.2,942.932,
2019-07-05,1022.97,949.341,
2019-07-08,997.028,908.761,
2019-07-09,993.851,908.954,
2019-07-10,994.063,906.907,
2019-07-11,993.64,905.633,
2019-07-12,1001.9,912.969,
2019-07-15,1005.66,924.746,
2019-07-16,1002.22,927.68,
2019-07-17,999.834,925.48,
2019-07-18,992.687,912.892,
2019-07-19,1003.86,919.302,
2019-07-22,995.81,902.544,
2019-07-23,998.404,911.155,
2019-07-24,1006.24,920.113,
2019-07-25,1016.93,925.711,
2019-07-26,1017.99,927.796,
2019-07-29,1015.45,924.321,
2019-07-30,1019.95,932.314,
2019-07-31,1013.81,930.345,
2019-08-01,1003.54,923.819,
2019-08-02,987.34,912.004,
2019-08-05,967.805,902.042,
2019-08-06,956.264,882.273,
2019-08-07,949.487,876.173,
2019-08-08,958.964,880.304,
2019-08-09,954.252,871.076,
2019-08-12,966.587,889.957,
2019-08-13,961.822,885.131,
2019-08-14,967.117,891.386,
2019-08-15,972.675,898.22,
2019-08-16,975.375,900.575,
2019-08-19,1001.47,937.063,
2019-08-20,998.457,932.816,
2019-08-21,999.251,934.939,
2019-08-22,999.834,933.858,
2019-08-23,1007.25,934.746,
2019-08-26,995.863,929.572,
2019-08-27,1006.77,941.04,
2019-08-28,1004.55,943.241,
2019-08-29,1001.16,944.283,
2019-08-30,1003.7,938.067,
2019-09-02,1014.5,960.925,
2019-09-03,1015.13,966.06,
2019-09-04,1029.16,984.208,
2019-09-05,1038.59,989.575,
2019-09-06,1047.69,994.517,
2019-09-09,1050.39,1013.28,
2019-09-10,1048.38,1010.93,
2019-09-11,1041.29,1007.37,
2019-09-12,1054.49,1013.51,
2019-09-16,1048.92,1009.89,
2019-09-17,1029.3,986.921,
2019-09-18,1033.81,988.337,
2019-09-19,1038.9,997.109,
2019-09-20,1040.01,998.289,
2019-09-23,1031.74,995.693,
2019-09-24,1030.68,992.782,
2019-09-25,1026.02,977.088,
2019-09-26,1019.18,959.112,
2019-09-27,1022.62,965.248,
2019-09-30,1004.92,946.171,
2019-10-08,1014.56,952.622,
2019-10-09,1015.31,960.135,
2019-10-10,1023.52,971.856,
2019-10-11,1036.36,978.307,
2019-10-14,1045.47,987.865,
2019-10-15,1041.98,977.717,
2019-10-16,1036.94,970.204,
2019-10-17,1039.17,968.316,
2019-10-18,1020.13,952.74,
2019-10-21,1023.63,954.864,
2019-10-22,1027.18,964.934,
2019-10-23,1022.25,958.758,
2019-10-24,1025.17,959.466,
2019-10-25,1033.55,969.378,
2019-10-28,1038.53,983.106,
2019-10-29,1034.66,970.558,
2019-10-30,1026.33,957.972,
2019-10-31,1026.92,954.038,
2019-11-01,1049.08,964.737,
2019-11-04,1053,966.31,
2019-11-05,1058.78,974.138,
2019-11-06,1055.12,965.288,
2019-11-07,1056.98,970.991,
2019-11-08,1051.41,968.002,
2019-11-11,1034.71,945.778,
2019-11-12,1031.95,946.368,
2019-11-13,1033.07,947.43,
2019-11-14,1032.64,951.717,
2019-11-15,1028.3,948.02,
2019-11-18,1036.2,954.825,
2019-11-19,1048.07,972.25,
2019-11-20,1035.93,963.754,
2019-11-21,1030.79,967.018,
2019-11-22,1017.85,954.431,
2019-11-25,1026.81,958.64,
2019-11-26,1027.45,954.471,
2019-11-27,1028.24,959.781,
2019-11-28,1025.54,958.916,
2019-11-29,1014.62,959.938,
2019-12-02,1017.43,962.888,
2019-12-03,1022.36,968.552,
2019-12-04,1021.25,965.996,
2019-12-05,1028.56,975.514,
2019-12-06,1036.41,986.41,
2019-12-09,1033.97,988.376,
2019-12-10,1034.66,993.214,
2019-12-11,1036.3,989.556,
2019-12-12,1032.64,986.842,
2019-12-13,1055.91,1001.75,
2019-12-16,1057.77,1015.67,
2019-12-17,1077.06,1034.13,
2019-12-18,1075.68,1038.31,
2019-12-19,1075.15,1040.11,
2019-12-20,1072.77,1033.77,
2019-12-23,1057.08,1000.76,
2019-12-24,1062.17,1014.47,
2019-12-25,1063.33,1022.25,
2019-12-26,1070.96,1029.02,
2019-12-27,1069.9,1020.85,
2019-12-30,1088.14,1039.59,
2019-12-31,1093.6,1043.62,
2020-01-02,1107.48,1064.07,
2020-01-03,1105.1,1066.5,
2020-01-06,1100.49,1078.46,
2020-01-07,1107.96,1092.22,
2020-01-08,1096.67,1078.46,
2020-01-09,1107.01,1090.38,
2020-01-10,1108.01,1084.52,
2020-01-13,1119.73,1106.53,
2020-01-14,1116.28,1099.79,
2020-01-15,1107.75,1097.52,
2020-01-16,1106.79,1101.23,
2020-01-17,1107.75,1094.09,
2020-01-20,1115.8,1112.63,
2020-01-21,1093.7,1095.41,
2020-01-22,1097.84,1108.12,
2020-01-23,1058.03,1059.72,
2020-02-03,951.922,953.073,
2020-02-04,997.557,982.218,
2020-02-05,1006.67,1002.19,
2020-02-06,1031.58,1038.67,
2020-02-07,1031.8,1048.16,
2020-02-10,1030.84,1051.87,
2020-02-11,1040.59,1051.07,
2020-02-12,1049.71,1073.36,
2020-02-13,1045.47,1064.99,
2020-02-14,1053.74,1069.25,
2020-02-17,1082.25,1112.35,
2020-02-18,1072.34,1114.62,
2020-02-19,1073.99,1110.4,
2020-02-20,1096.72,1129.85,
2020-02-21,1102.08,1151.22,
2020-02-24,1091.85,1157.4,
2020-02-25,1091.05,1166.69,
2020-02-26,1080.19,1139.34,
2020-02-27,1080.66,1138.27,
2020-02-28,1040.38,1073.08,
2020-03-02,1074.99,1116.06,
2020-03-03,1079.23,1120.4,
2020-03-04,1088.19,1127.98,
2020-03-05,1110.88,1141.97,
2020-03-06,1092.06,1132.48,
2020-03-09,1054.16,1090.1,
2020-03-10,1079.18,1123.35,
2020-03-11,1060.42,1101.39,
2020-03-12,1046.53,1091.82,
2020-03-13,1032.96,1088.25,
2020-03-16,973.553,1025.48,
2020-03-17,973.179,1025.85,
2020-03-18,947.482,1002.2,
2020-03-19,940.376,1019.45,
2020-03-20,958.808,1033.85,
2020-03-23,926.967,993.215,
2020-03-24,951.756,1007.99,
2020-03-25,974.889,1030.98,
2020-03-26,966.501,1018.3,
2020-03-27,971.256,1012.92,
2020-03-30,965.646,997.115,
2020-03-31,964.043,994.446,
2020-04-01,963.028,992.804,
2020-04-02,983.81,1028.52,
2020-04-03,975.85,1015.01,
2020-04-07,997.22,1046.21,
2020-04-08,993.587,1048.47,
2020-04-09,995.404,1056.43,
2020-04-10,991.076,1041.28,
2020-04-13,984.612,1030.12,
2020-04-14,999.571,1053.93,
2020-04-15,995.404,1050.19,
2020-04-16,997.754,1061.4,
2020-04-17,1003.47,1062.51,
2020-04-20,1007.05,1071.7,
2020-04-21,994.976,1061.97,
2020-04-22,1004.06,1075.36,
2020-04-23,1000.1,1068.21,
2020-04-24,996.793,1055.94,
2020-04-27,1003.2,1053.93,
2020-04-28,1009.13,1045.39,
2020-04-29,1015.17,1050.69,
2020-04-30,1035.26,1081.43,
2020-05-06,1036.97,1096.46,
2020-05-07,1034.3,1093.3,
2020-05-08,1045.41,1108.9,
2020-05-11,1044.13,1105.32,
2020-05-12,1042.31,1108.53,
2020-05-13,1045.78,1114.72,
2020-05-14,1037.07,1110.13,
2020-05-15,1031.36,1109.31,
2020-05-18,1036.81,1106.19,
2020-05-19,1044.93,1119.49,
2020-05-20,1041.4,1110.45,
2020-05-21,1033.82,1096.7,
2020-05-22,1010.52,1081.23,
2020-05-25,1013.09,1078.52,
2020-05-26,1022.76,1096.79,
2020-05-27,1018.06,1088.12,
2020-05-28,1019.28,1084.26,
2020-05-29,1020.41,1091.69,
2020-06-01,1052.14,1133.85,
2020-06-02,1056.47,1133.61,
2020-06-03,1055.4,1131.35,
2020-06-04,1055.67,1132.46,
2020-06-05,1062.88,1137.3,
2020-06-08,1066.19,1133.44,
2020-06-09,1072.44,1141.04,
2020-06-10,1072.17,1141.9,
2020-06-11,1059.14,1140.5,
2020-06-12,1063.72,1149.47,
2020-06-15,1044.89,1141.1,
2020-06-16,1066.15,1166.71,
2020-06-17,1067.75,1170.1,
2020-06-18,1081.5,1177.82,
2020-06-19,1103.09,1196.65,
2020-06-22,1109.77,1199.27,
2020-06-23,1110.98,1201.54,
2020-06-24,1121.58,1203.86,
2020-06-29,1111.92,1195.15,
2020-06-30,1123.4,1215.74,
2020-07-01,1147.81,1220.41,
2020-07-02,1181.92,1253.52,
2020-07-03,1206.55,1274.46,
2020-07-06,1306.7,1344.24,
2020-07-07,1295.99,1364.53,
2020-07-08,1307.08,1382.59,
2020-07-09,1327.24,1424.66,
2020-07-10,1304.55,1419.65,
2020-07-13,1327.4,1458.29,
2020-07-14,1312.05,1432.86,
2020-07-15,1297.15,1404.81,
2020-07-16,1230.84,1333.48,
2020-07-17,1242.99,1340.42,
2020-07-20,1274.68,1369.68,
2020-07-21,1278.93,1377.65,
2020-07-22,1285.06,1387.31,
2020-07-23,1287.49,1390.78,
2020-07-24,1225.37,1315.76,
2020-07-27,1234.32,1316.83,
2020-07-28,1243.04,1326.66,
2020-07-29,1284.72,1380.83,
2020-07-30,1274.01,1370.58,
2020-07-31,1280.36,1384.99,
2020-08-03,1302.83,1417.16,
2020-08-04,1306.31,1409.4,
2020-08-05,1301.84,1419,
2020-08-06,1299.74,1419.17,
2020-08-07,1285.55,1402.15,
2020-08-10,1289.42,1412.48,
2020-08-11,1276.17,1382.72,
2020-08-12,1269.32,1366.07,
2020-08-13,1263.69,1370.58,
2020-08-14,1295.49,1405.28,
2020-08-17,1322.65,1421.92,
2020-08-18,1320.5,1428.31,
2020-08-19,1297.92,1400.65,
2020-08-20,1286.27,1393.1,
2020-08-21,1295.49,1398.76,
2020-08-24,1300.46,1403.3,
2020-08-25,1306.64,1399.06,
2020-08-26,1290.25,1380.27,
2020-08-27,1300.29,1396.01,
2020-08-28,1337.06,1428.31,
2020-08-31,1321.16,1413.3,
2020-09-01,1332.21,1427.28,
2020-09-02,1327.29,1419.52,
2020-09-03,1324.64,1414.59,
2020-09-04,1312,1410.9,
2020-09-07,1282.41,1377.05,
2020-09-08,1292.12,1392.07,
2020-09-09,1263.52,1356.68,
2020-09-10,1262.97,1334.38,
2020-09-11,1271.63,1346.11,
2020-09-14,1278.2,1354.47,
2020-09-15,1286.8,1359.05,
2020-09-16,1278.59,1353.81,
2020-09-17,1271.85,1359.45,
2020-09-18,1316.75,1394.62,
2020-09-21,1300.23,1378.93,
2020-09-22,1281.35,1360.79,
2020-09-23,1282.25,1368.48,
2020-09-24,1262.07,1338.51,
2020-09-25,1267.92,1344.91,
2020-09-28,1272.02,1336.91,
2020-09-29,1274.72,1348.83,
2020-09-30,1264.04,1335.53,
2020-10-09,1293.2,1372.17,
2020-10-12,1338.83,1420.14,
2020-10-13,1341.81,1420.05,
2020-10-14,1337.03,1415.43,
2020-10-15,1336.07,1407.34,
2020-10-16,1333.1,1398.93,
2020-10-19,1322.59,1381.15,
2020-10-20,1330.96,1396.49,
2020-10-21,1332.7,1383.02,
2020-10-22,1327.2,1376.52,
2020-10-23,1317.53,1357.27,
2020-10-26,1304.66,1359.14,
2020-10-27,1309.38,1358.92,
2020-10-28,1321.8,1367.59,
2020-10-29,1334.84,1371.99,
2020-10-30,1311.24,1338.16,
2020-11-02,1319.84,1346.65,
2020-11-03,1332.53,1367.72,
2020-11-04,1343.55,1365.81,
2020-11-05,1365.97,1394.31,
2020-11-06,1366.7,1384.48,
2020-11-09,1395.97,1406.27,
2020-11-10,1388.11,1394.89,
2020-11-11,1376.64,1379.37,
2020-11-12,1374.62,1383.59,
2020-11-13,1359,1383.55,
2020-11-16,1373.27,1399.15,
2020-11-17,1369.9,1392.89,
2020-11-18,1369.11,1393.91,
2020-11-19,1383.89,1405.07,
2020-11-20,1387.1,1418.09,
2020-11-23,1403.33,1430.28,
2020-11-24,1396.82,1428.32,
2020-11-25,1379.45,1406.13,
2020-11-26,1380.58,1403.69,
2020-11-27,1401.31,1410.27,
2020-11-30,1393.84,1398.93,
2020-12-01,1425.81,1424.19,
2020-12-02,1422.83,1423.16,
2020-12-03,1422.21,1429.25,
2020-12-04,1425.08,1435.7,
2020-12-07,1412.66,1422.19,
2020-12-08,1408.62,1423.34,
2020-12-09,1391.81,1401.6,
2020-12-10,1388.95,1403.96,
2020-12-11,1372.2,1378.42,
2020-12-14,1383.42,1390.21,
2020-12-15,1387.43,1391.85,
2020-12-16,1388.89,1388.43,
2020-12-17,1412.74,1410.21,
2020-12-18,1403.38,1403.96,
2020-12-21,1416.75,1427.3,
2020-12-22,1396.11,1403.64,
2020-12-23,1405.92,1410.76,
2020-12-24,1406.49,1395.05,
2020-12-25,1418.38,1410.26,
2020-12-28,1424.98,1399.8,
2020-12-29,1421.49,1396.56,
2020-12-30,1441,1406.47,
2020-12-31,1473.25,1428.12,
2021-01-04,1482.27,1443.24,
2021-01-05,1508.27,1450.23,
2021-01-06,1520.78,1451.1,
2021-01-07,1555.41,1458.31,
2021-01-08,1549.66,1466.99,
2021-01-11,1530.65,1442.88,
2021-01-12,1572.04,1455.8,
2021-01-13,1568.38,1450.78,
2021-01-14,1543.06,1446.21,
2021-01-15,1535.33,1437.35,
2021-01-18,1551.23,1456.21,
2021-01-19,1530.71,1450.64,
2021-01-20,1537.98,1464.89,
2021-01-21,1562.06,1485.17,
2021-01-22,1559.8,1485.17,
2021-01-25,1571.93,1482.75,
2021-01-26,1547.17,1465.9,
2021-01-27,1546.55,1464.66,
2021-01-28,1513.06,1446.44,
2021-01-29,1502.8,1428.21,
2021-02-01,1520.56,1437.35,
2021-02-02,1538.72,1447.99,
2021-02-03,1539.67,1441.19,
2021-02-04,1539.84,1428.62,
2021-02-05,1540.29,1410.35,
2021-02-08,1558,1429.81,
2021-02-09,1595.5,1456.12,
2021-02-10,1631.64,1468.64,
2021-02-18,1617.15,1485.72,
2021-02-19,1620.08,1514.27,
2021-02-22,1572.66,1502.12,
2021-02-23,1568.6,1500.52,
2021-02-24,1528,1482.57,
2021-02-25,1541.31,1478.23,
2021-02-26,1498.51,1443.56,
2021-03-01,1519.99,1470.42,
2021-03-02,1497.1,1457.31,
2021-03-03,1525.58,1476.13,
2021-03-04,1485.43,1455.53,
2021-03-05,1481.71,1461.51,
2021-03-08,1423.68,1426.02,
2021-03-09,1400.17,1399.25,
2021-03-10,1404.34,1380.16,
2021-03-11,1441.28,1418.89,
2021-03-12,1441.45,1419.74,
2021-03-15,1416.18,1414.35,
2021-03-16,1420.98,1413.17,
2021-03-17,1422.98,1420.93,
2021-03-18,1432.42,1432.94,
2021-03-19,1392.28,1426.03,
2021-03-22,1409.26,1444.33,
2021-03-23,1403.26,1431.04,
2021-03-24,1387.31,1419.93,
2021-03-25,1387.37,1425.18,
2021-03-26,1415.84,1442.72,
2021-03-29,1413.55,1443.1,
2021-03-30,1425.04,1445.13,
2021-03-31,1415.26,1443.29,
2021-04-01,1435.73,1455.91,
2021-04-02,1449.28,1459.36,
2021-04-06,1437.45,1459.22,
2021-04-07,1427.84,1460.21,
2021-04-08,1429.96,1465.7,
2021-04-09,1411.72,1462.39,
2021-04-12,1390.97,1444.09,
2021-04-13,1390.8,1443.01,
2021-04-14,1398.69,1452.65,
2021-04-15,1393.48,1458.18,
2021-04-16,1400.74,1479.27,
2021-04-19,1439.68,1493.97,
2021-04-20,1436.42,1497.47,
2021-04-21,1437.45,1494.35,
2021-04-22,1434.42,1497.75,
2021-04-23,1451.45,1508.15,
2021-04-26,1430.07,1502.81,
2021-04-27,1434.7,1502.01,
2021-04-28,1448.08,1512.64,
2021-04-29,1463.57,1514.3,
2021-04-30,1450.25,1516.95,
2021-05-06,1433.44,1511.18,
2021-05-07,1415.04,1509.1,
2021-05-10,1416.98,1511.42,
2021-05-11,1425.16,1510.09,
2021-05-12,1432.42,1524.42,
2021-05-13,1416.87,1508.48,
2021-05-14,1455.74,1533.92,
2021-05-17,1474.15,1541.72,
2021-05-18,1475.29,1547.82,
2021-05-19,1472.44,1547.25,
2021-05-20,1478.5,1542.19,
2021-05-21,1459.69,1535.39,
2021-05-24,1467.92,1540.07,
2021-05-25,1519.54,1557.56,
2021-05-26,1519.54,1560.35,
2021-05-27,1524.46,1570.94,
2021-05-28,1519.03,1572.4,
2021-05-31,1520.69,1578.83,
2021-06-01,1521.6,1577.98,
2021-06-02,1509.54,1570.8,
2021-06-03,1495.93,1560.4,
2021-06-04,1506.22,1576.47,
2021-06-07,1504.68,1576.61,
2021-06-08,1492.1,1572.69,
2021-06-09,1495.19,1573.87,
2021-06-10,1505.43,1592.38,
2021-06-11,1492.75,1593.85,
2021-06-15,1475.29,1577.38,
2021-06-16,1455.39,1562.42,
2021-06-17,1460.1,1570.17,
2021-06-18,1463.65,1585.81,
2021-06-21,1462.83,1594.53,
2021-06-22,1467.37,1599.4,
2021-06-23,1479.36,1620.11,
2021-06-24,1483.96,1616.16,
2021-06-25,1511.02,1631.27,
2021-06-28,1511.25,1630.59,
2021-06-29,1496.18,1619.67,
2021-06-30,1503.57,1622.84,
2021-07-01,1490.36,1603.69,
2021-07-02,1459.81,1593.51,
2021-07-05,1464.99,1603.15,
2021-07-06,1466.68,1602.57,
2021-07-07,1483.49,1617.43,
2021-07-08,1470.52,1613.09,
2021-07-09,1462.31,1628.98,
2021-07-12,1477.38,1648.03,
2021-07-13,1483.03,1663.96,
2021-07-14,1464.99,1659.72,
2021-07-15,1486.58,1661.72,
2021-07-16,1471.62,1666.3,
2021-07-19,1478.14,1658.26,
2021-07-20,1475.23,1660.06,
2021-07-21,1484.25,1678.92,
2021-07-22,1485.94,1687.11,
2021-07-23,1471.16,1680.19,
2021-07-26,1416.4,1651.59,
2021-07-27,1365.01,1624.79,
2021-07-28,1370.13,1605.93,
2021-07-29,1390.27,1630.83,
2021-07-30,1381.19,1636.14,
2021-08-02,1415.06,1654.41,
2021-08-03,1417.91,1644.81,
2021-08-04,1423.96,1661.62,
2021-08-05,1415.12,1661.57,
2021-08-06,1414.65,1668.88,
2021-08-09,1429.49,1672.34,
2021-08-10,1449.97,1683.84,
2021-08-11,1438.8,1691.05,
2021-08-12,1431.53,1704.7,
2021-08-13,1426.76,1711.76,
2021-08-16,1427.16,1704.55,
2021-08-17,1395.56,1670.83,
2021-08-18,1411.39,1674.78,
2021-08-19,1400.74,1677.36,
2021-08-20,1372.75,1671.71,
2021-08-23,1393.64,1692.42,
2021-08-24,1411.68,1711.32,
2021-08-25,1411.51,1720.39,
2021-08-26,1389.57,1720.29,
2021-08-27,1395.22,1731.4,
2021-08-30,1389.92,1735.39,
2021-08-31,1390.33,1743.19,
2021-09-01,1413.02,1734.37,
2021-09-02,1412.38,1758.68,
2021-09-03,1406.85,1758.25,
2021-09-06,1429.78,1768.38,
2021-09-07,1450.27,1813.74,
2021-09-08,1443.46,1822.9,
2021-09-09,1442.82,1842,
2021-09-10,1461.38,1856.84,
2021-09-13,1451.83,1856.24,
2021-09-14,1430.91,1841.05,
2021-09-15,1417.65,1851.71,
2021-09-16,1404.69,1812.43,
2021-09-17,1419.66,1800.61,
2021-09-22,1411.11,1816.3,
2021-09-23,1417.06,1825.15,
2021-09-24,1422.13,1815.19,
2021-09-27,1433.86,1772.39,
2021-09-28,1429.2,1774.65,
2021-09-29,1422.37,1740.24,
2021-09-30,1422.72,1752.16,
2021-10-08,1445.88,1750.61,
2021-10-11,1446.41,1753.93,
2021-10-12,1430.56,1720.37,
2021-10-13,1447.94,1727.62,
2021-10-14,1441.23,1737.28,
2021-10-15,1449.89,1752.92,
2021-10-18,1428.5,1750.71,
2021-10-19,1442.58,1763.99,
2021-10-20,1440.87,1764.84,
2021-10-21,1448.71,1759.41,
2021-10-22,1459.61,1748.95,
2021-10-25,1463.68,1761.22,
2021-10-26,1457.96,1762.73,
2021-10-27,1435.69,1746.28,
2021-10-28,1434.92,1732.95,
2021-10-29,1444.05,1751.41,
2021-11-01,1439.58,1759.81,
2021-11-02,1424.13,1747.18,
2021-11-03,1418.95,1752.77,
2021-11-04,1431.97,1766.85,
2021-11-05,1427.97,1754.03,
2021-11-08,1426.55,1759.76,
2021-11-09,1426.2,1770.37,
2021-11-10,1417.3,1765.09,
2021-11-11,1442.11,1779.68,
2021-11-12,1441.34,1792.96,
2021-11-15,1440.99,1780.13,
2021-11-16,1439.75,1768.11,
2021-11-17,1438.51,1777.92,
2021-11-18,1423.31,1774.65,
2021-11-19,1442.35,1803.32,
2021-11-22,1445.35,1813.43,
2021-11-23,1446.12,1817.15,
2021-11-24,1448.77,1816.25,
2021-11-25,1442.93,1815.39,
2021-11-26,1430.91,1809.96,
2021-11-29,1430.09,1814.69,
2021-11-30,1424.19,1816.2,
2021-12-01,1428.32,1827.77,
2021-12-02,1431.68,1814.69,
2021-12-03,1445.7,1833,
2021-12-06,1442.46,1814.69,
2021-12-07,1451.24,1805.13,
2021-12-08,1475.05,1830.38,
2021-12-09,1499.63,1836.62,
2021-12-10,1495.14,1846.24,
2021-12-13,1499.27,1848.96,
2021-12-14,1493.54,1850.3,
2021-12-15,1479.25,1847.99,
2021-12-16,1491.54,1865.78,
2021-12-17,1468.85,1858.01,
2021-12-20,1450.6,1837.44,
2021-12-21,1455.03,1848.76,
2021-12-22,1453.73,1855.7,
2021-12-23,1465.48,1866.5,
2021-12-24,1458.57,1858.63,
2021-12-27,1461.47,1856.99,
2021-12-28,1470.15,1859.87,
2021-12-29,1450.12,1854.93,
2021-12-30,1461.7,1867.73,
2021-12-31,1460.58,1877.04,
2022-01-04,1455.03,1879.1,
2022-01-05,1439.84,1842.74,
2022-01-06,1420.88,1841.71,
2022-01-07,1424.54,1835.54,
2022-01-10,1429.98,1833.12,
2022-01-11,1417.87,1826.18,
2022-01-12,1434.05,1839.14,
2022-01-13,1408.59,1821.81,
2022-01-14,1394.47,1816.21,
2022-01-17,1406.35,1833.54,
2022-01-18,1421.24,1836.67,
2022-01-19,1415.27,1828.44,
2022-01-20,1427.26,1816.77,
2022-01-21,1420.17,1798.62,
2022-01-24,1420.64,1795.69,
2022-01-25,1386.44,1736.8,
2022-01-26,1395.18,1742.05,
2022-01-27,1370.61,1698.75,
2022-01-28,1338.35,1681.37,
2022-02-07,1366.83,1708.01,
2022-02-08,1360.68,1730.79,
2022-02-09,1373.62,1753.67,
2022-02-10,1369.37,1753.52,
2022-02-11,1358.14,1735.06,
2022-02-14,1344.61,1722.25,
2022-02-15,1356.31,1737.32,
2022-02-16,1362.28,1740.25,
2022-02-17,1364.52,1739.22,
2022-02-18,1373.15,1756.04,
2022-02-21,1366.83,1759.59,
2022-02-22,1349.7,1744.77,
2022-02-23,1363.81,1770.38,
2022-02-24,1339.24,1741.69,
2022-02-25,1350.46,1753.16,
2022-02-28,1351.17,1760.82,
2022-03-01,1361.27,1763.55,
2022-03-02,1351.35,1765.81,
2022-03-03,1343.02,1762.21,
2022-03-04,1329.02,1752.85,
2022-03-07,1281.76,1712.63,
2022-03-08,1251.51,1644.55,
2022-03-09,1241.17,1614.98,
2022-03-10,1260.2,1639.51,
2022-03-11,1273.38,1669.35,
2022-03-14,1226.19,1624.01,
2022-03-15,1149.93,1507.11,
2022-03-16,1224.69,1580.14,
2022-03-17,1243.37,1602,
2022-03-18,1252.98,1620.93,
2022-03-21,1245.34,1621.04,
2022-03-22,1245.1,1623.7,
2022-03-23,1253.99,1635.44,
2022-03-24,1247.37,1622.24,
2022-03-25,1223.2,1598.24,
2022-03-28,1219.26,1609.88,
2022-03-29,1214.49,1600.9,
2022-03-30,1258.35,1643.89,
2022-03-31,1247.55,1628.97,
2022-04-01,1262.82,1642.48,
2022-04-06,1253.99,1634.45,
2022-04-07,1240.03,1594.28,
2022-04-08,1251.84,1597.67,
2022-04-11,1212.76,1542.16,
2022-04-12,1237.1,1580.3,
2022-04-13,1229.17,1554.47,
2022-04-14,1242.06,1575.08,
2022-04-15,1242.77,1559.17,
2022-04-18,1236.39,1567.36,
2022-04-19,1230.54,1572.21,
2022-04-20,1206.08,1530.69,
2022-04-21,1188.59,1481.96,
2022-04-22,1192.53,1472.42,
2022-04-25,1133.1,1369.44,
2022-04-26,1125.35,1332.71,
2022-04-27,1154.88,1399.54,
2022-04-28,1162.64,1393.59,
2022-04-29,1194.26,1455.88,
2022-05-05,1187.34,1462.82,
2022-05-06,1153.57,1423.8,
2022-05-09,1144.14,1433.34,
2022-05-10,1163.59,1466.94,
2022-05-11,1176,1475.75,
2022-05-12,1172.01,1479.04,
2022-05-13,1181.55,1497.25,
2022-05-16,1167.77,1487.02,
2022-05-17,1185.91,1498.76,
2022-05-18,1180.84,1492.5,
2022-05-19,1185.13,1507.94,
2022-05-20,1212.16,1536.63,
2022-05-23,1197.84,1535.8,
2022-05-24,1175.05,1481.07,
2022-05-25,1180.84,1504.65,
2022-05-26,1184.3,1526.62,
2022-05-27,1188.36,1524.58,
2022-05-30,1193.9,1531.73,
2022-05-31,1214.01,1558.49,
2022-06-01,1211.03,1557.19,
2022-06-02,1214.43,1578.11,
2022-06-06,1236.45,1606.17,
2022-06-07,1238.83,1603.62,
2022-06-08,1253.81,1614.57,
2022-06-09,1243.49,1596.26,
2022-06-10,1264.28,1633.39,
2022-06-13,1247.31,1624.63,
2022-06-14,1261.8,1644.66,
2022-06-15,1277.86,1635.36,
2022-06-16,1268.22,1636.33,
2022-06-17,1288.41,1655.88,
2022-06-20,1289.26,1650.7,
2022-06-21,1290.59,1639.53,
2022-06-22,1272.71,1608.12,
2022-06-23,1299.62,1652.73,
2022-06-24,1314.47,1673.67,
2022-06-27,1328.42,1677.73,
2022-06-28,1345.15,1709.25,
2022-06-29,1330.6,1684.67,
2022-06-30,1344.36,1696.53,
2022-07-01,1338.66,1692.69,
2022-07-04,1346.12,1712.99,
2022-07-05,1341.87,1709.41,
2022-07-06,1324.84,1689.05,
2022-07-07,1329.21,1694.98,
2022-07-08,1327.2,1685.58,
2022-07-11,1305.32,1663.14,
2022-07-12,1294.65,1641.94,
2022-07-13,1296.29,1646.37,
2022-07-14,1298.17,1664.37,
2022-07-15,1271.13,1634.67,
2022-07-18,1291.74,1666.78,
2022-07-19,1286.59,1671.48,
2022-07-20,1289.01,1694.5,
2022-07-21,1274.22,1678.53,
2022-07-22,1277.56,1658.76,
2022-07-25,1272.04,1640.28,988.669
2022-07-26,1281.32,1665.33,1005.19
2022-07-27,1274.59,1672.76,1016.49
2022-07-28,1274.59,1675.86,1025.04
2022-07-29,1255.61,1662.24,1020.81
2022-08-01,1261.67,1675.86,1026.98
2022-08-02,1242.46,1639.64,1000.55
2022-08-03,1227.61,1622.22,991.393
2022-08-04,1237.31,1626.07,991.567
2022-08-05,1257.86,1661.43,1018.17
2022-08-08,1253.37,1671.64,1026.08
2022-08-09,1254.82,1675.75,1029.76
2022-08-10,1240.7,1670.52,1030.98
2022-08-11,1268.83,1706.79,1047.47
2022-08-12,1269.68,1705.94,1038.98
2022-08-15,1266.1,1709.09,1045.59
2022-08-16,1263.01,1715.93,1052.43
2022-08-17,1275.07,1726.5,1054.63
2022-08-18,1264.1,1719.93,1060.19
2022-08-19,1255.43,1696.21,1041.33
2022-08-22,1263.37,1717.15,1047.99
2022-08-23,1259.25,1718.06,1051.06
2022-08-24,1236.7,1668.75,1009.94
2022-08-25,1247.25,1677.03,1005.68
2022-08-26,1244.94,1674.52,1001.51
2022-08-29,1237.85,1675.32,1007.07
2022-08-30,1235.61,1673.99,1005.77
2022-08-31,1237.06,1639.91,972.324
2022-09-01,1225.61,1633.39,968.324
2022-09-02,1218.51,1637.45,975.222
2022-09-05,1217.73,1644.98,977.685
2022-09-06,1226.58,1675.49,996.899
2022-09-07,1229.3,1680.93,1002.75
2022-09-08,1223.16,1674.21,995.692
2022-09-09,1241.64,1687.77,1002.9
2022-09-13,1245.72,1683.54,998.6
2022-09-14,1233.8,1672.42,988.365
2022-09-15,1222.68,1629.02,950.835
2022-09-16,1194.35,1587.74,930.513
2022-09-19,1192.04,1575.91,916.392
2022-09-20,1192.04,1588.28,928.466
2022-09-21,1181.77,1595.55,932.026
2022-09-22,1174.35,1594.03,937.693
2022-09-23,1172.23,1577.76,923.037
2022-09-26,1165.78,1559.53,913.603
2022-09-27,1181.16,1588.82,934.518
2022-09-28,1164.93,1551.77,908.115
2022-09-29,1166.88,1559.86,912.149
2022-09-30,1157.52,1538.16,893.133
2022-10-10,1133.2,1518.9,872.959
2022-10-11,1134.36,1531.43,875.273
2022-10-12,1150.95,1567.34,900.994
2022-10-13,1142.14,1570.65,911.942
2022-10-14,1167.3,1612.2,938.464
2022-10-17,1165.6,1617.95,943.478
2022-10-18,1163.11,1625.98,948.67
2022-10-19,1144.02,1611.61,943.864
2022-10-20,1140.5,1604.01,936.061
2022-10-21,1133.33,1605.48,937.871
2022-10-24,1102.2,1591.54,935.824
2022-10-25,1102.02,1585.24,934.548
2022-10-26,1111.02,1616.54,959.024
2022-10-27,1103.72,1615.24,955.612
2022-10-28,1075.28,1561.21,919.447
2022-10-31,1063.97,1570.71,927.102
2022-11-01,1108.59,1615.35,954.425
2022-11-02,1118.13,1624.95,964.571
2022-11-03,1109.62,1624.79,968.992
2022-11-04,1149.74,1667.26,996.375
2022-11-07,1150.35,1662.92,991.865
2022-11-08,1143.11,1666.12,991.035
2022-11-09,1129.68,1661.13,987.653
2022-11-10,1122.69,1655.28,978.456
2022-11-11,1154.3,1665.91,983.499
2022-11-14,1153.99,1663.03,975.756
2022-11-15,1177.7,1690.43,1000.2
2022-11-16,1168.46,1685,991.509
2022-11-17,1163.29,1688.91,994.891
2022-11-18,1158.55,1685.87,985.902
2022-11-21,1148.58,1682.78,991.628
2022-11-22,1147.55,1664.44,972.671
2022-11-23,1149.07,1662.27,972.107
2022-11-24,1143.05,1663.58,972.967
2022-11-25,1149.49,1653.49,963.741
2022-11-28,1135.76,1647.68,962.999
2022-11-29,1172.71,1674.26,978.574
2022-11-30,1173.26,1671.82,976.468
2022-12-01,1186.82,1678.93,988.216
2022-12-02,1180.31,1675.13,991.153
2022-12-05,1199.88,1684.24,994.298
2022-12-06,1206.51,1685.6,993.527
2022-12-07,1202.98,1681.96,993.141
2022-12-08,1206.75,1679.52,988.483
2022-12-09,1216.93,1682.9,990.679
2022-12-12,1205.3,1675.11,987.521
2022-12-13,1201.79,1666.72,980.783
2022-12-14,1206.63,1659.58,973.834
2022-12-15,1206.09,1658.82,978.557
2022-12-16,1208.51,1660.18,974.014
2022-12-19,1189.73,1625.15,957.32
2022-12-20,1172.17,1606.24,948.506
2022-12-21,1170.29,1597.58,941.557
2022-12-22,1172.53,1581.01,928.532
2022-12-23,1170.05,1579.27,921.523
2022-12-26,1172.77,1597.25,940.625
2022-12-27,1187.13,1608.15,947.212
2022-12-28,1182.46,1604.55,941.708
2022-12-29,1177.5,1600.57,937.767
2022-12-30,1180.59,1599.43,939.452
2023-01-03,1185.25,1621.28,957.47
2023-01-04,1185.07,1620.46,956.417
2023-01-05,1207.42,1637.02,967.397
2023-01-06,1212.57,1640.02,970.254
2023-01-09,1219.29,1643.18,972.029
2023-01-10,1220.5,1646.83,974.195
2023-01-11,1220.81,1639.48,968.329
2023-01-12,1223.23,1638.66,970.164
2023-01-13,1243.46,1656.31,979.278
2023-01-16,1265.02,1671.41,988.604
2023-01-17,1263.75,1675.98,992.153
2023-01-18,1260.9,1682.85,997.658
2023-01-19,1267.75,1699.68,1009.96
2023-01-20,1272.9,1708.29,1017.9
2023-01-30,1277.62,1710.09,1021.57
2023-01-31,1266.17,1717.34,1027.08
2023-02-01,1274.71,1733.46,1041.4
2023-02-02,1269.5,1735.7,1042.3
2023-02-03,1255.88,1727.04,1039.53
2023-02-06,1238.07,1717.88,1036.16
2023-02-07,1241.4,1720.61,1037.67
2023-02-08,1237.46,1706.17,1030.27
2023-02-09,1254.6,1732.65,1055.62
2023-02-10,1245.94,1726.49,1048.19
2023-02-13,1255.03,1732.87,1056.19
2023-02-14,1258.9,1738.59,1058.51
2023-02-15,1250,1734.28,1057.4
2023-02-16,1241.16,1712.6,1039.17
2023-02-17,1221.9,1699.03,1030.24
2023-02-20,1255.88,1723.82,1041.09
2023-02-21,1256.66,1731.29,1043.08
2023-02-22,1244.67,1733.46,1048.01
2023-02-23,1244.19,1730.41,1044.52
2023-02-24,1231.89,1727.04,1042.09
2023-02-27,1226.98,1717.01,1034.66
2023-02-28,1235.4,1728.78,1043.41
2023-03-01,1251.76,1740,1049.91
2023-03-02,1249.76,1738.37,1047.05
2023-03-03,1252.12,1736.08,1044.1
2023-03-06,1242.61,1733.74,1046.27
2023-03-07,1225.71,1709.93,1029.78
2023-03-08,1221.96,1713.03,1033.42
2023-03-09,1218.38,1710.36,1034.57
2023-03-10,1201.65,1688.26,1023.2
2023-03-13,1214.87,1697.52,1027.78
2023-03-14,1207.89,1684.74,1019.69
2023-03-15,1207.77,1693.22,1025.52
2023-03-16,1190.91,1673.49,1011.19
2023-03-17,1199.22,1686.06,1018.13
2023-03-20,1193.4,1682.92,1016.81
2023-03-21,1206.8,1699.56,1027.81
2023-03-22,1211.95,1709.98,1033.07
2023-03-23,1224.57,1719.57,1036.31
2023-03-24,1223.23,1722.98,1037.56
2023-03-27,1216.08,1720.17,1038.57
2023-03-28,1213.65,1718.57,1034.38
2023-03-29,1213.35,1711.8,1031.45
2023-03-30,1226.81,1722.87,1033.96
2023-03-31,1230.27,1734.94,1041.84
2023-04-03,1238.33,1749.71,1050.92
2023-04-04,1244.82,1752.25,1052.99
2023-04-06,1240.64,1750.26,1053.51
2023-04-07,1249.49,1762.39,1063.38
2023-04-10,1244.76,1754.45,1057.15
2023-04-11,1242.22,1753.79,1056.14
2023-04-12,1241.37,1758.47,1060.66
2023-04-13,1233.79,1751.47,1056.23
2023-04-14,1240.52,1755.83,1061.4
2023-04-17,1258.65,1764.92,1062.68
2023-04-18,1261.38,1761.06,1058.07
2023-04-19,1250.83,1753.84,1053.79
2023-04-20,1245.61,1752.08,1054.09
2023-04-21,1222.26,1711.19,1028.61
2023-04-24,1206.8,1700.28,1021.76
2023-04-25,1201.34,1675.86,1007.31
2023-04-26,1199.64,1683.36,1009.6
2023-04-27,1209.53,1693.94,1012.72
2023-04-28,1219.84,1717.2,1026.56
2023-05-04,1220.14,1718.02,1023.99
2023-05-05,1213.77,1701.1,1012.78
2023-05-08,1226.51,1710.31,1017.88
2023-05-09,1216.5,1694.55,1007.31
2023-05-10,1208.38,1693.55,1008.96
2023-05-11,1206.13,1687.93,1007.77
2023-05-12,1189.94,1670.85,996.186
2023-05-15,1210.86,1690.74,1001.87
2023-05-16,1205.34,1679.34,993.069
2023-05-17,1197.64,1678.79,996.339
2023-05-18,1195.22,1681.21,1001.04
2023-05-19,1194,1683.25,1006.97
2023-05-22,1200.01,1679.12,1005.08
2023-05-23,1181.39,1661.65,995.117
2023-05-24,1166.59,1651.29,992.672
2023-05-25,1162.23,1644.07,989.586
2023-05-26,1164.65,1659.5,998.6
2023-05-29,1159.8,1657.62,997.011
2023-05-30,1159.98,1666.39,1001.99
2023-05-31,1149.37,1662.53,1000.31
2023-06-01,1151.61,1666.22,1003.46
2023-06-02,1167.5,1679.83,1010.3
2023-06-05,1162.47,1675.31,1010.21
2023-06-06,1150.4,1642.8,988.211
2023-06-07,1146.7,1645.28,988.669
2023-06-08,1155.56,1642.03,983.719
2023-06-09,1162.34,1656.62,989.509
2023-06-12,1162.27,1659.17,994.314
2023-06-13,1170.7,1665.5,998.688
2023-06-14,1170.58,1665.33,1002.14
2023-06-15,1189.88,1680.59,1009.22
2023-06-16,1202.77,1694.75,1016.09
2023-06-19,1194.95,1689.2,1016.89
2023-06-20,1191.35,1687.92,1017.69
2023-06-21,1172.84,1654.74,999.366
2023-06-26,1161.3,1630.26,985.598
2023-06-27,1168.38,1637.87,991.819
2023-06-28,1169.79,1640.64,990.372
2023-06-29,1164.78,1639.25,994.191
2023-06-30,1171.44,1657.01,1006.88
2023-07-03,1185.36,1665.45,1008.18
2023-07-04,1187.25,1669.33,1012.27
2023-07-05,1177.73,1660.9,1005.46
2023-07-06,1169.36,1649.41,1000.88
2023-07-07,1165.21,1645.02,997.641
2023-07-10,1170.89,1650.85,998.226
2023-07-11,1178.7,1665,1006.48
2023-07-12,1171.74,1648.69,993.976
2023-07-13,1192.32,1673.88,1004.26
2023-07-14,1191.59,1667.28,1002.75
2023-07-17,1180.54,1660.45,997.857
2023-07-18,1179.07,1658.12,998.565
2023-07-19,1179.56,1656.73,996.286
2023-07-20,1170.52,1639.7,985.105
2023-07-21,1172.66,1643.14,985.351
2023-07-24,1166.49,1639.53,983.349
2023-07-25,1200.57,1668.33,999.335
2023-07-26,1197.64,1665.56,995.331
2023-07-27,1195.81,1653.68,988.123
2023-07-28,1226.4,1677.43,995.824
2023-07-31,1231.84,1690.64,1003.28
2023-08-01,1227.2,1692.41,1001.49
2023-08-02,1217.12,1685.87,999.643
2023-08-03,1227.26,1689.75,999.582
2023-08-04,1233.06,1699.46,1005.83
2023-08-07,1226.22,1695.24,1003.37
2023-08-08,1220.97,1689.03,999.12
2023-08-09,1219.69,1677.76,992.128
2023-08-10,1219.01,1675.66,990.156
2023-08-11,1187.68,1640.09,971.798
2023-08-14,1180.6,1641.97,974.293
2023-08-15,1179.31,1633.65,965.669
2023-08-16,1169.91,1621.33,954.857
2023-08-17,1174.67,1632.04,963.728
2023-08-18,1157.21,1605.68,943.676
2023-08-21,1140.53,1585.65,932.341
2023-08-22,1148.53,1590.2,936.992
2023-08-23,1131.43,1564.23,920.174
2023-08-24,1139.07,1567.72,920.606
2023-08-25,1136.2,1550.41,905.852
2023-08-28,1147.37,1567.06,909.825
2023-08-29,1159.34,1601.3,939.333
2023-08-30,1158.61,1601.13,943.799
2023-08-31,1153.36,1593.3,941.089
2023-09-01,1159.47,1595.69,939.918
2023-09-04,1177.85,1618.67,954.549
2023-09-05,1168.44,1605.79,949.036
2023-09-06,1165.69,1605.46,951.592
2023-09-07,1148.59,1581.98,935.945
2023-09-08,1141.99,1579.32,935.543
2023-09-11,1149.99,1596.54,949.042
2023-09-12,1149.08,1601.09,950.649
2023-09-13,1140.23,1584.76,936.841
2023-09-14,1138.59,1582.82,933.041
2023-09-15,1134.17,1585.32,933.474
2023-09-18,1139.14,1590.98,935.976
2023-09-19,1137.08,1585.09,930.045
2023-09-20,1132.11,1574.54,922.693
2023-09-21,1120.65,1561.32,915.465
2023-09-22,1145.44,1589.82,935.358
2023-09-25,1136.35,1578.93,929.52
2023-09-26,1130.59,1575.49,926.245
2023-09-27,1133.99,1582.93,932.022
2023-09-28,1127.62,1580.15,935.049
2023-10-09,1124.11,1570.99,931.713
2023-10-10,1115.2,1564.49,929.026
2023-10-11,1117.38,1561.16,929.983
2023-10-12,1129.56,1572.71,937.675
2023-10-13,1117.93,1567.54,936.13
2023-10-16,1103.62,1552.99,925.319
2023-10-17,1107.56,1552.94,923.836
2023-10-18,1098.71,1536.27,907.31
2023-10-19,1073.5,1518.5,898.135
2023-10-20,1068.35,1506.23,887.787
2023-10-23,1053.14,1459.96,862.611
2023-10-24,1058.59,1473.51,874.319
2023-10-25,1064.04,1483.34,883.648
2023-10-26,1068.53,1491.56,889.949
2023-10-27,1085.26,1521.94,910.121
2023-10-30,1089.14,1533.94,920.067
2023-10-31,1086.89,1530,915.712
2023-11-01,1086.05,1527.72,914.384
2023-11-02,1080.41,1514.89,905.549
2023-11-03,1089.99,1527,918.245
2023-11-06,1104.65,1552.66,937.675
2023-11-07,1101.2,1553.6,939.436
2023-11-08,1097.14,1551.77,940.764
2023-11-09,1098.11,1548.66,934.895
2023-11-10,1088.59,1541.83,933.474
2023-11-13,1088.35,1549.49,940.949
2023-11-14,1088.17,1553.44,945.737
2023-11-15,1095.38,1563.71,950.402
2023-11-16,1083.98,1549.66,940.424
2023-11-17,1082.17,1552.83,950.371
2023-11-20,1085.5,1564.32,959.73
2023-11-21,1087.62,1559.93,951.699
2023-11-22,1075.38,1541.49,941.073
2023-11-23,1082.35,1558.6,953.985
2023-11-24,1073.5,1541.49,939.219
2023-11-27,1065.86,1540.27,939.25
2023-11-28,1067.68,1544.55,941.721
2023-11-29,1059.86,1538.27,938.231
2023-11-30,1061.44,1532.44,932.269
2023-12-01,1055.8,1537.38,940.949
2023-12-04,1048.04,1533.55,935.76
2023-12-05,1024.29,1509.67,920.253
2023-12-06,1027.74,1518.33,926.369
2023-12-07,1026.59,1521,928.902
2023-12-08,1028.71,1527.35,926.674
2023-12-11,1037.93,1544.5,937.341
2023-12-12,1040.9,1548.44,938.847
2023-12-13,1019.8,1530.28,928.682
2023-12-14,1014.7,1526.34,925.357
2023-12-15,1013.67,1518.02,916.886
2023-12-18,1012.58,1506.78,906.094
2023-12-19,1015.86,1503.85,908.101
2023-12-20,1005.79,1490.92,894.078
2023-12-21,1017.55,1493.28,897.842
2023-12-22,1019.49,1490.53,890.564
2023-12-25,1022.04,1488.67,888.273
2023-12-26,1015.07,1476.19,876.571
2023-12-27,1017.8,1477.99,882.407
2023-12-28,1045.93,1508.8,903.646
2023-12-29,1047.93,1520.61,918.455
2024-01-02,1031.44,1511.55,908.854
2024-01-03,1029.62,1508.18,904.086
2024-01-04,1018.71,1495.31,896.399
2024-01-05,1012.4,1476.08,879.458
2024-01-08,993.966,1427.84,848.053
2024-01-09,998.574,1435.26,852.633
2024-01-10,994.572,1431.38,848.869
2024-01-11,1002.45,1453.14,868.383
2024-01-12,998.453,1447.68,860.477
2024-01-15,996.088,1443.24,856.335
2024-01-16,1001.48,1440.54,851.692
2024-01-17,975.714,1388.08,816.115
2024-01-18,981.111,1390.45,820.193
2024-01-19,982.566,1382.8,812.946
2024-01-22,959.039,1284.63,742.356
2024-01-23,973.531,1337.76,775.706
2024-01-24,989.842,1361.55,791.957
2024-01-25,1011.19,1414.17,827.284
2024-01-26,1008.4,1394.16,812.287
2024-01-29,997.24,1364.19,786.906
2024-01-30,980.989,1326.63,760.49
2024-01-31,972.197,1295.71,731.971
2024-02-01,972.743,1292.05,728.113
2024-02-02,956.856,1251.68,697.649
2024-02-05,949.337,1204.68,634.463
2024-02-06,994.026,1352.16,716.63
2024-02-07,1005.55,1441.78,751.862
2024-02-08,1016.77,1436.72,781.259
2024-02-19,1022.65,1429.07,777.212
2024-02-20,1026.89,1433.01,782.608
2024-02-21,1047.51,1435.76,784.553
2024-02-22,1056.3,1450.38,803.534
2024-02-23,1057.21,1457.92,818.374
2024-02-26,1044.6,1452.91,818.06
2024-02-27,1060.36,1492.16,844.884
2024-02-28,1048.05,1454.88,802.781
2024-02-29,1065.82,1503.01,836.696
2024-03-01,1073.28,1513.18,845.825
2024-03-04,1070.55,1511.61,844.476
2024-03-05,1074.98,1499.75,833.182
2024-03-06,1074.86,1502,838.453
2024-03-07,1069.03,1482.2,827.786
2024-03-08,1072.52,1502.3,838.524
2024-03-11,1085.79,1534.85,855.179
2024-03-12,1090.8,1526.74,860.388
2024-03-13,1084.75,1523.72,864.889
2024-03-14,1081.87,1520.01,859.134
2024-03-15,1085.85,1539.7,874.535
2024-03-18,1094.9,1563.34,892.347
2024-03-19,1087.56,1545.93,883.409
2024-03-20,1088.78,1549.98,890.45
2024-03-21,1088.6,1541.99,890.611
2024-03-22,1073.8,1514.87,878.811
2024-03-25,1071.54,1494.31,857.976
2024-03-26,1075.58,1486.43,852.703
2024-03-27,1063.72,1453.2,823.317
2024-03-28,1069.34,1470.27,843.83
2024-03-29,1074.17,1491.74,853.314
2024-04-01,1093.43,1525.37,875.531
2024-04-02,1090.86,1519.95,870.387
2024-04-03,1086.89,1516.01,863.989
2024-04-08,1075.52,1491.74,842.672
2024-04-09,1074.96,1506.02,855.629
2024-04-10,1066.71,1486.49,838.846
2024-04-11,1065.67,1496.19,841.675
2024-04-12,1054.85,1484.6,833.348
2024-04-15,1076,1506.24,823.091
2024-04-16,1065.06,1464.73,790.489
2024-04-17,1083.1,1509.27,829.104
2024-04-18,1086.03,1513.15,830.422
2024-04-19,1078.21,1498.99,822.899
2024-04-22,1076.31,1487.57,822.834
2024-04-23,1068.3,1470.33,817.111
2024-04-24,1072.64,1487.4,836.885
2024-04-25,1075.21,1487.23,838.235
2024-04-26,1092.39,1525.77,860.259
2024-04-29,1107.86,1560.83,885.82
2024-04-30,1100.64,1547.58,875.949
2024-05-06,1114.03,1569.23,891.993
2024-05-07,1114.4,1566.77,893.376
2024-05-08,1104.92,1546.79,877.943
2024-05-09,1115.74,1574.82,894.276
2024-05-10,1115.74,1570.25,884.759
2024-05-13,1115.38,1559.86,875.146
2024-05-14,1113.05,1557.12,879.357
2024-05-15,1105.35,1543.36,871.963
2024-05-16,1107.49,1535.54,870.516
2024-05-17,1121.55,1558.95,889.035
2024-05-20,1123.38,1562.83,890.482
2024-05-21,1119.47,1553.29,880.451
2024-05-22,1120.76,1548.56,880.901
2024-05-23,1109.38,1520.58,861.513
2024-05-24,1097.1,1504.7,850.614
2024-05-27,1105.78,1519.55,857.783
2024-05-28,1099.36,1507.44,848.652
2024-05-29,1099.3,1510.3,849.456
2024-05-30,1096.18,1509.44,850.646
2024-05-31,1091.84,1508.07,854.279
2024-06-03,1092.08,1495.97,839.553
2024-06-04,1099.73,1515.21,846.98
2024-06-05,1095.57,1498.19,837.496
2024-06-06,1095.69,1486.94,820.166
2024-06-07,1087.86,1478.32,822.288
2024-06-11,1081.08,1484.2,831.773
2024-06-12,1079.43,1487.46,832.834
2024-06-13,1075.27,1480.03,827.657
2024-06-14,1079.6,1489.47,833.638
2024-06-17,1077.37,1485.94,833.407
2024-06-18,1080.4,1493.93,843.056
2024-06-19,1077.25,1478.01,830.532
2024-06-20,1070.57,1455.77,813.745
2024-06-21,1067.61,1456.24,812.787
2024-06-24,1062.91,1427.57,785.293
2024-06-25,1054.88,1414.31,781.03
2024-06-26,1060.94,1432.67,805.451
2024-06-27,1056.12,1408.87,785.425
2024-06-28,1057.11,1409.56,788.961
2024-07-01,1060.32,1425.2,795.834
2024-07-02,1059.33,1413.33,790.944
2024-07-03,1057.66,1399.31,785.26
2024-07-04,1050.87,1378,767.977
2024-07-05,1046.54,1387.73,776.271
2024-07-08,1037.89,1363.76,756.345
2024-07-09,1050.68,1391.38,773.859
2024-07-10,1049.14,1385.42,772.438
2024-07-11,1063.59,1413.38,793.521
2024-07-12,1065.14,1407.83,790.877
2024-07-15,1063.53,1393.46,781.03
2024-07-16,1069.28,1397.29,780.732
2024-07-17,1071.19,1388.48,773.462
2024-07-18,1077.49,1397.58,777.56
2024-07-19,1081.45,1396.36,778.287
2024-07-22,1076.01,1391.5,779.609
2024-07-23,1056.8,1350.67,755.882
2024-07-24,1048.83,1333.36,746.63
2024-07-25,1041.6,1330.93,747.951
2024-07-26,1047.65,1354.67,762.194
2024-07-29,1042.9,1347.08,757.369
2024-07-30,1035.85,1346.21,760.608
2024-07-31,1062.98,1410.49,802.212
2024-08-01,1054.7,1395.9,796.363
2024-08-02,1042.03,1376.9,784.665
2024-08-05,1030.54,1350.73,764.177
2024-08-06,1028.44,1365.38,773.793
2024-08-07,1027.2,1364.22,771.447
2024-08-08,1029.18,1368.8,774.454
2024-08-09,1024.73,1355.59,765.267
2024-08-12,1025.1,1359.07,764.045
2024-08-13,1026.52,1362.25,766.49
2024-08-14,1017.81,1339.55,758.493
2024-08-15,1029.12,1349.57,766.226
2024-08-16,1030.29,1344.24,761.07
2024-08-19,1034.31,1349.8,763.813
2024-08-20,1025.6,1323.75,749.637
2024-08-21,1023.25,1323.34,747.158
2024-08-22,1019.97,1307.13,739.095
2024-08-23,1026.15,1308.28,739.393
2024-08-26,1025.84,1310.72,741.739
2024-08-27,1020.72,1297.17,733.973
2024-08-28,1013.67,1297.98,735.295
2024-08-29,1011.76,1316.56,748.051
2024-08-30,1026.34,1340.07,763.516
2024-09-02,1007,1312.28,746.101
2024-09-03,1009.22,1324.9,751.355
2024-09-04,1003.97,1322.93,749.505
2024-09-05,1005.21,1329.65,756.279
2024-09-06,996.744,1309.91,743.061
2024-09-09,985.191,1301.34,736.485
2024-09-10,984.882,1300.87,739.161
2024-09-11,983.268,1304.16,738.755
2024-09-12,980.661,1301.05,737.571
2024-09-13,975.385,1286.53,729.518
2024-09-18,977.061,1289.17,725.897
2024-09-19,987.365,1311.63,740.853
2024-09-20,987.551,1303.46,735.473
2024-09-23,992.207,1306.16,738.146
2024-09-24,1041.18,1372.95,775.874
2024-09-25,1056.95,1381.42,781.119
2024-09-26,1112.38,1461.14,826.02
2024-09-27,1191.72,1587.77,896.197
2024-09-30,1293.52,1731.11,976.119
2024-10-08,1323.75,1781.37,1046.36
2024-10-09,1218.66,1696.71,967.017
2024-10-10,1245.78,1675.61,952.298
2024-10-11,1212.01,1604.88,910.036
2024-10-14,1229.95,1639.22,940.151
2024-10-15,1194.82,1594.59,915.45
2024-10-16,1190.29,1599.82,925.5
2024-10-17,1173.53,1585.13,919.341
2024-10-18,1221.14,1647.97,969.081
2024-10-21,1223.62,1670.37,985.086
2024-10-22,1231.82,1687.72,989.823
2024-10-23,1236.16,1691.95,992.462
2024-10-24,1221.95,1678.49,986.676
2024-10-25,1228.46,1704.06,1011.61
2024-10-28,1232.87,1721.93,1022.54
2024-10-29,1222.88,1705.18,1006.81
2024-10-30,1209.22,1709.18,1010.87
2024-10-31,1208.29,1722.46,1025.86
2024-11-01,1212.01,1711.12,996.489
2024-11-04,1228.77,1739.45,1021.16
2024-11-05,1262.61,1791.31,1059.32
2024-11-06,1254.16,1791.95,1060.47
2024-11-07,1298.55,1824.82,1080.91
2024-11-08,1276.32,1814.88,1079.69
2024-11-11,1282.84,1834.28,1098.07
2024-11-12,1267.51,1817.82,1084.09
2024-11-13,1276.51,1818.53,1082.33
2024-11-14,1254.47,1780.61,1055.64
2024-11-15,1233.8,1738.22,1032.52
2024-11-18,1227.41,1711.41,1007.35
2024-11-19,1233.18,1731.46,1030.83
2024-11-20,1235.29,1747.21,1047.38
2024-11-21,1238.15,1744.16,1046.77
2024-11-22,1198.3,1678.19,1006.84
2024-11-25,1191.53,1672.26,1013.88
2024-11-26,1190.6,1661.67,1000.55
2024-11-27,1210.9,1695.42,1029.78
2024-11-28,1201.9,1682.49,1021.32
2024-11-29,1213.88,1711.53,1041.49
2024-12-02,1223.5,1737.87,1060.24
2024-12-03,1224.62,1735.28,1060
2024-12-04,1218.16,1722.58,1044.16
2024-12-05,1216.24,1727.87,1058.34
2024-12-06,1231.57,1752.98,1071.54
2024-12-09,1230.14,1740.98,1059.76
2024-12-10,1241.62,1761.21,1075.7
2024-12-11,1239.64,1774.43,1087.88
2024-12-12,1253.54,1791.07,1095.93
2024-12-13,1218.85,1760.69,1073.83
2024-12-16,1212.4,1736.03,1057.6
2024-12-17,1216.62,1719.41,1036.94
2024-12-18,1222.2,1731.74,1044.62
2024-12-19,1224,1738.71,1049.82
2024-12-20,1221.39,1742.82,1057.47
2024-12-23,1221.83,1716.43,1030.91
2024-12-24,1237.78,1738.35,1042.35
2024-12-25,1237.16,1722.86,1033.46
2024-12-26,1238.28,1735.49,1042.25
2024-12-27,1237.22,1741.75,1044.76
2024-12-30,1242.31,1742.22,1043.11
2024-12-31,1216.74,1682.05,1007.08
2025-01-02,1184.72,1633.86,981.392
2025-01-03,1172.67,1604.79,956.252
2025-01-06,1167.4,1599.6,951.741
2025-01-07,1175.96,1615.33,964.104
2025-01-08,1173.36,1609.31,958.319
2025-01-09,1170.56,1605.56,957.595
2025-01-10,1156.85,1583.52,939.481
2025-01-13,1155.61,1589.71,943.751
2025-01-14,1184.4,1645.71,989.692
2025-01-15,1177.52,1632.85,981.909
2025-01-16,1176.77,1636.3,985.008
2025-01-17,1181.43,1653.4,994.927
2025-01-20,1187.57,1661.98,1001.54
2025-01-21,1189,1666.56,1006.57
2025-01-22,1176.34,1659.89,999.851
2025-01-23,1178.76,1650.24,994.617
2025-01-24,1192.78,1679.55,1019.38
2025-01-27,1177.64,1648.04,997.096
2025-02-05,1175.72,1658.46,1004.26
2025-02-06,1192.1,1701.65,1031.19
2025-02-07,1209.54,1729.89,1049.58
2025-02-10,1209.91,1740.73,1057.88
2025-02-11,1205.01,1734.42,1056.09
2025-02-12,1215.93,1758.19,1071.55
2025-02-13,1213.33,1749.37,1063.29
2025-02-14,1224,1764.86,1068.49
2025-02-17,1225.18,1760.21,1070.9
2025-02-18,1215.87,1734.36,1052.13
2025-02-19,1222.45,1761.41,1074.48
2025-02-20,1218.54,1762.78,1076.96
2025-02-21,1235.54,1795.78,1101.86
2025-02-24,1231.08,1785.53,1096.28
2025-02-25,1219.1,1772.43,1094.35
2025-02-26,1227.97,1786.31,1105.61
2025-02-27,1233.06,1781.96,1104.61
2025-02-28,1210.16,1739.07,1072.83
2025-03-03,1206.06,1741.69,1070.24
2025-03-04,1204.7,1756.34,1081.23
2025-03-05,1208.55,1759.14,1087.05
2025-03-06,1227.04,1793.16,1115.08
2025-03-07,1223.81,1784.94,1111.12
2025-03-10,1215.75,1775.64,1106.75
2025-03-11,1219.53,1790.48,1117.53
2025-03-12,1217.42,1792.86,1121.63
2025-03-13,1211.71,1777.61,1106.51
2025-03-14,1246.52,1820.78,1134.55
2025-03-17,1242.27,1815.58,1129.1
2025-03-18,1244.21,1823.41,1134.76
2025-03-19,1246.64,1818.76,1129.38
2025-03-20,1235.27,1804.7,1123.68
2025-03-21,1213.15,1776.63,1100.56
2025-03-24,1218.59,1774,1094.39
2025-03-25,1219.9,1771.56,1089.55
2025-03-26,1215.96,1771.86,1092.01
2025-03-27,1219.96,1779.2,1094.5
2025-03-28,1213.52,1763.24,1082.92
2025-03-31,1205.59,1746.12,1077.68
2025-04-01,1205.9,1754.62,1080.39
2025-04-02,1205.28,1760.98,1086.77
2025-04-03,1198.84,1746.54,1074.62
2025-04-07,1078.74,1571.28,967.864
2025-04-08,1107.23,1571.41,946.663
2025-04-09,1129.17,1609.14,967.33
2025-04-10,1147.6,1645.34,993.804
2025-04-11,1151.85,1658.49,1010.55
2025-04-14,1154.41,1662.52,1014.26
2025-04-15,1153.04,1655.86,1012.01
2025-04-16,1153.16,1640.87,998.223
2025-04-17,1159.35,1653.1,1007.27
2025-04-18,1158.78,1651.09,1005.17
2025-04-21,1166.41,1681.6,1027.98
2025-04-22,1166.35,1677.38,1027.9
2025-04-23,1166.66,1680.13,1036.88
2025-04-24,1167.53,1674.94,1027.51
2025-04-25,1168.28,1681.23,1030.93
2025-04-28,1165.6,1672.8,1020.67
2025-04-29,1163.78,1677.75,1028.62
2025-04-30,1161.1,1680.75,1033.57
2025-05-06,1176.72,1718.96,1060.61
2025-05-07,1182.59,1718.41,1060.97
2025-05-08,1192.28,1730.58,1072.3
2025-05-09,1189.97,1713.71,1059.19
2025-05-12,1203.84,1739.14,1075.54
2025-05-13,1203.21,1728.93,1068.35
2025-05-14,1220.84,1742.14,1076.61
2025-05-15,1210.03,1719.27,1059.87
2025-05-16,1201.65,1712.79,1057.16
2025-05-19,1200.78,1719.27,1064.57
2025-05-20,1207.71,1727.77,1072.41
2025-05-21,1212.65,1729.24,1069.06
2025-05-22,1212.15,1716.76,1060.04
2025-05-23,1201.71,1700.56,1046.15
2025-05-26,1197.03,1710.59,1055.59
2025-05-27,1190.15,1705.51,1053.81
2025-05-28,1188.84,1702.45,1050.96
2025-05-29,1197.53,1733.21,1074.47
2025-05-30,1194.28,1720.74,1062.89
2025-06-03,1195.03,1723.98,1068.6
2025-06-04,1200.53,1739.39,1078.57
2025-06-05,1203.53,1750.03,1087.05
2025-06-06,1204.59,1750.58,1086.8
2025-06-09,1208.46,1763.12,1098.85
2025-06-10,1200.09,1748.38,1089.23
2025-06-11,1211.9,1761.53,1094.61
2025-06-12,1213.4,1767.27,1096.89
2025-06-13,1204.42,1751.16,1083.79
2025-06-16,1209.83,1763.8,1093.02
2025-06-17,1209.26,1761.71,1093.35
2025-06-18,1210.03,1757.92,1091.94
2025-06-19,1198.69,1739.28,1080.03
2025-06-20,1201.11,1732.83,1076.65
2025-06-23,1208.69,1745.47,1088.44
2025-06-24,1226.19,1779.79,1115.19
2025-06-25,1248.6,1819.98,1138.37
2025-06-26,1242.68,1810.25,1134.31
2025-06-27,1233.9,1815.3,1136.73
2025-06-30,1236.83,1822.82,1143.76
2025-07-01,1236.89,1821.5,1140.94
2025-07-02,1239.5,1818.97,1137.89
2025-07-03,1247.08,1822.95,1141.38
2025-07-04,1252.8,1821.75,1136.99
2025-07-07,1247.08,1816.12,1136.88
2025-07-08,1260,1851.01,1159.98
2025-07-09,1258.15,1840.08,1155.93
2025-07-10,1264.26,1849.81,1159.2
2025-07-11,1271.07,1870.73,1175.61
2025-07-14,1268.66,1863.52,1172.34
2025-07-15,1267,1862.19,1167.72
2025-07-16,1263.94,1862.76,1171.56
2025-07-17,1276.93,1888.93,1188.74
2025-07-18,1286.48,1896.13,1193.06
2025-07-21,1293.8,1913.45,1202.29
2025-07-22,1308.12,1936.77,1212
2025-07-23,1307.93,1933.8,1209.13
2025-07-24,1318.12,1967.29,1231.19
2025-07-25,1310.1,1964.13,1228.81
2025-07-28,1312.01,1966.03,1228.11
2025-07-29,1318.18,1978.98,1239.27
2025-07-30,1316.59,1963.94,1228.51
2025-07-31,1291.32,1935.06,1216.2
2025-08-01,1282.6,1928.74,1217.09
2025-08-04,1289.98,1949.28,1235.66
2025-08-05,1299.28,1958.63,1242.99
2025-08-06,1304.05,1979.04,1257.98
2025-08-07,1302.65,1967.42,1255.64
2025-08-08,1299.66,1967.61,1252.85
2025-08-11,1306.53,1990.29,1274.46
2025-08-12,1314.94,2004.13,1280.49
2025-08-13,1327.54,2038.64,1302.48
2025-08-14,1325.31,2016.01,1288.97
2025-08-15,1339.83,2063.66,1318.18
2025-08-18,1348.87,2087.99,1336.44
2025-08-19,1341.99,2085.47,1335.14
2025-08-20,1359.11,2115.55,1353.48
2025-08-21,1363,2103.29,1339.75
2025-08-22,1398.58,2151.95,1366.99
2025-08-25,1424.24,2183.29,1378.82
2025-08-26,1416.09,2185.44,1379.41
2025-08-27,1395.4,2160.61,1355.57
2025-08-28,1419.72,2201.43,1369.7
2025-08-29,1434.3,2210.85,1370.34
2025-09-01,1435.7,2216.53,1372.94
2025-09-02,1426.34,2179.06,1348.91
2025-09-03,1410.04,2145.12,1328.67
2025-09-04,1384.39,2100.32,1302.7
2025-09-05,1418.51,2179.82,1344.18
2025-09-08,1417.36,2186.83,1346.04
2025-09-09,1408.83,2171.67,1332.98
2025-09-10,1410.81,2168.7,1330.23
2025-09-11,1452.06,2251.23,1374.28
2025-09-12,1441.41,2257.56,1372.37
2025-09-15,1441.41,2241.6,1366.55
2025-09-16,1438.91,2260.14,1385.53
2025-09-17,1448.21,2287.34,1402.59
2025-09-18,1425.77,2256.46,1379.98
2025-09-19,1430.97,2256.01,1375.66
2025-09-22,1437.25,2265.44,1383.2
2025-09-23,1437.18,2241.99,1363.45
2025-09-24,1451.99,2311.89,1397.16
2025-09-25,1462.31,2314.99,1393.07
2025-09-26,1450.39,2287.02,1375.35
2025-09-29,1475.9,2336.18,1403.7
2025-09-30,1480.2,2354.98,1416.87
2025-10-09,1503.02,2395.49,1425.17
2025-10-10,1471.93,2347.1,1404.28
2025-10-13,1462.44,2335.8,1397.66
2025-10-14,1444.68,2264.41,1367.05
2025-10-15,1466.86,2306.47,1391.8
2025-10-16,1471.22,2281.21,1378.37
2025-10-17,1437.63,2216.99,1343.14
2025-10-20,1444.56,2231.85,1350.48
2025-10-21,1467.25,2278.23,1374.13
2025-10-22,1462.7,2264.93,1370.38
2025-10-23,1468.27,2274.1,1373.4
2025-10-24,1485.58,2312.8,1396.17
2025-10-27,1501.48,2343.36,1400.87
2025-10-28,1496.74,2335.8,1403.36
2025-10-29,1516.93,2387.16,1424.56
2025-10-30,1503.28,2357.76,1408.87
2025-10-31,1484.49,2339.48,1409.6
2025-11-03,1485.58,2338.58,1415.3
2025-11-04,1470.9,2291.74,1393.56
2025-11-05,1473.34,2296.06,1398.61
2025-11-06,1497.12,2340.77,1416.64
2025-11-07,1493.47,2335.54,1417.97
2025-11-10,1497.51,2337.35,1419.7
2025-11-11,1483.02,2317.06,1413.84
2025-11-12,1483.4,2311.31,1409.9
2025-11-13,1499.11,2348.07,1430.68
2025-11-14,1474.56,2305.56,1410.32
2025-11-17,1468.47,2307.5,1414.61
2025-11-18,1460.01,2286.96,1406.46
2025-11-19,1463.27,2278.88,1396.2
2025-11-20,1454.94,2261.18,1389.58
2025-11-21,1419.43,2186.88,1342.64
2025-11-24,1421.61,2205.49,1357.37
2025-11-25,1433.72,2228.88,1372.06
2025-11-26,1440.13,2231.91,1372.86
2025-11-27,1440,2227.65,1373.4
2025-11-28,1444.24,2252.84,1389.05
2025-12-01,1460.13,2271.39,1394.64
2025-12-02,1453.85,2255.43,1384.99
2025-12-03,1448.21,2245.16,1376.54
2025-12-04,1452.18,2255.75,1379.98
2025-12-05,1466.22,2288.05,1400.34
2025-12-08,1478.66,2307.69,1411.93
2025-12-09,1469.04,2291.67,1405.69
2025-12-10,1466.16,2300.65,1410.21
2025-12-11,1455.07,2285.21,1397.43
2025-12-12,1466.2,2319.95,1408.67
2025-12-15,1456.49,2300.72,1399.41
2025-12-16,1440.44,2268.44,1377.09
2025-12-17,1466.52,2319.02,1399.6
2025-12-18,1457.79,2311.6,1398.02
2025-12-19,1464.91,2338.71,1413.02
2025-12-22,1477.14,2361.19,1425.25
2025-12-23,1479.27,2364.5,1424.02
2025-12-24,1486.91,2400.04,1449.78
2025-12-25,1491.96,2426.62,1467.86
2025-12-26,1500.95,2448.96,1478.43
2025-12-29,1491.83,2431.92,1471.82
2025-12-30,1495.71,2446.64,1475.82
2025-12-31,1488.46,2440.61,1471.27
2026-01-05,1519.92,2517.91,1511.39
2026-01-06,1546.13,2581.02,1535.81
2026-01-07,1538.04,2586.39,1535.37
2026-01-08,1526.84,2590.3,1547.32
2026-01-09,1535.06,2664.36,1592.39
2026-01-12,1544.83,2730.25,1644.43
2026-01-13,1539.85,2695.32,1614.55
2026-01-14,1533.83,2717.39,1613.68
2026-01-15,1535.97,2720.38,1621.48
2026-01-16,1528.4,2721.57,1618.27
2026-01-19,1530.14,2740,1619.73
2026-01-20,1523.67,2734.3,1606.72
2026-01-21,1528.27,2774.8,1628.52
2026-01-22,1527.17,2784.42,1640.71
2026-01-23,1523.87,2870.01,1685.03
2026-01-26,1527.17,2807.62,1640.03
2026-01-27,1526.78,2833.34,1653.49
2026-01-28,1531.5,2858.01,1657.56
2026-01-29,1548.07,2823.4,1647.91
2026-01-30,1524.45,2771.95,1634.38
2026-02-02,1481.22,2619.74,1557.45
2026-02-03,1505.68,2745.3,1619.02
2026-02-04,1518.82,2755.78,1623.06
2026-02-05,1509.63,2691.67,1590.69
2026-02-06,1500.7,2690.74,1581
2026-02-09,1527.75,2755.11,1628.84
2026-02-10,1528.65,2748.22,1628.12
2026-02-11,1525.68,2763.34,1630.5
2026-02-12,1526.32,2800.59,1649.69
2026-02-13,1497.27,2742.92,1620.21
2026-02-24,1515.52,2775,1636.43
2026-02-25,1531.05,2827.18,1663.06
2026-02-26,1524.84,2829.96,1670.54
2026-02-27,1525.35,2865.76,1687.95
2026-03-02,1524.51,2859.66,1666.67
2026-03-03,1505.16,2740.07,1608.42
2026-03-04,1485.62,2724.55,1595.52
2026-03-05,1497.91,2736.55,1608.54
2026-03-06,1503.41,2758.76,1624.72
2026-03-09,1488.27,2740.33,1620.61
2026-03-10,1509.24,2782.3,1644.86
2026-03-11,1516.68,2771.16,1644.74
2026-03-12,1507.43,2751.6,1637.66
2026-03-13,1505,2718.96,1618.97
2026-03-16,1506.77,2709.69,1619.29
2026-03-17,1496.53,2644.14,1582.24
2026-03-18,1500.4,2669.4,1597.26
2026-03-19,1478.27,2597.15,1563.95
2026-03-20,1473.08,2559.36,1539.32
2026-03-23,1426.46,2449.53,1463.98
2026-03-24,1440.9,2508.65,1504.13
2026-03-25,1461.13,2549.41,1522.5
2026-03-26,1443.4,2510.07,1501.77
2026-03-27,1453.71,2559.3,1531.94
2026-03-30,1449.31,2559.77,1529.01
2026-03-31,1436.77,2513.86,1502.54
2026-04-01,1460.54,2561.53,1530.89
2026-04-02,1441.5,2508.65,1500.95
2026-04-03,1432.3,2489.14,1488.29
2026-04-07,1431.58,2501.6,1501.97
2026-04-08,1490.55,2651.59,1583.7
2026-04-09,1477.55,2623.49,1569.73
2026-04-10,1497.9,2650.51,1585.29
2026-04-13,1500.73,2643.8,1587.29
2026-04-14,1523.38,2687.68,1611.19
2026-04-15,1518.66,2676.03,1609.48
2026-04-16,1535.93,2730.54,1639.53
2026-04-17,1532.38,2741.99,1655.78
2026-04-20,1542.1,2758.03,1661.32
2026-04-21,1545.78,2750.65,1663.52
2026-04-22,1557.93,2797.98,1694.63
2026-04-23,1551.23,2768.46,1673.54
2026-04-24,1547.68,2753.5,1662.09
2026-04-27,1548.34,2771.64,1669.46
2026-04-28,1544,2740.56,1650
2026-04-29,1564.89,2799.95,1678.99
2026-04-30,1564.03,2799.95,1685.75
2026-05-06,1588.99,2877.01,1722.89
2026-05-07,1596.54,2920.07,1756.69
2026-05-08,1588.13,2918.72,1759.67
2026-05-11,1613.02,2958.6,1776.12
2026-05-12,1612.69,2943.97,1771.8
2026-05-13,1631.47,2996.39,1806.17
2026-05-14,1603.76,2914.38,1769.36
2026-05-15,1583.93,2860.48,1747.53
2026-05-18,1576.71,2870.78,1757.71
2026-05-19,1580.38,2889.74,1775.22
2026-05-20,1578.22,2902.81,1772.45
2026-05-21,1557.33,2819.18,1718.13
2026-05-22,1572.18,2867.39,1749
2026-05-25,1593.32,2905.85,1763.57
2026-05-26,1608.62,2899.83,1750.26
2026-05-27,1594.83,2849.31,1718.74
2026-05-28,1594.44,2863.6,1735.68
2026-05-29,1591.75,2801.51,1699.11
2026-06-01,1579.66,2784.78,1691.17
2026-06-02,1601.86,2796.7,1695
2026-06-03,1613.42,2814.91,1703.92
2026-06-04,1599.36,2810.17,1701.15
2026-06-05,1568.43,2773.07,1688.32
2026-06-08,1537.5,2686.53,1643.73
2026-06-09,1557.53,2746.59,1676.43
2026-06-10,1550.24,2716.73,1661.93
2026-06-11,1541.05,2705.42,1654.64
2026-06-12,1567.9,2749.33,1669.75
2026-06-15,1605.75,2846.08,1729.75
2026-06-16,1599.85,2870.85,1751.66
2026-06-17,1618.64,2923.21,1771.8
2026-06-18,1632,2953.87,1785.43
2026-06-22,1672.61,2999.86,1788.41
2026-06-23,1615.08,2932.23,1762.98
2026-06-24,1621.26,2980.78,1777.54
2026-06-25,1646.83,3016.99,1788.33
2026-06-26,1593.54,2929.46,1745.4
2026-06-29,1609.71,2960.88,1743.18
2026-06-30,1629.65,3045.98,1784.22
2026-07-01,1621.39,3021.71,1787.03
2026-07-02,1583.87,2943.68,1756.1
2026-07-03,1594.88,2961.02,1756.69
2026-07-06,1595.22,2936.39,1734.03
2026-07-07,1578.5,2886.31,1702.6
2026-07-08,1566.62,2862.94,1672.98
2026-07-09,1604.48,2948.67,1705.16
2026-07-10,1578.91,2889.92,1682.5
2026-07-13,1555.41,2781.93,1612.22
2026-07-14,1574.01,2815.01,1633.95
2026-07-15,1583.2,2790.53,1620.36
2026-07-16,1559.1,2729.21,1584.57
2026-07-17,1501.45,2562.54,1482.31
2026-07-20,1525.61,2532.43,1437.12
2026-07-21,1564.74,2665.47,1503.12
2026-07-22,1559.91,2639.53,1474.67
2026-07-23,1564.41,2636.61,1483.65
2026-07-24,1536.48,2571.9,1443.49
2026-07-27,1561.19,2652.01,1499.85
2026-07-28,1517.29,2549.84,1456.71
2026-07-29,1525.28,2585.15,1478.53
2026-07-30,1512.99,2512.81,1436.15
2026-07-31,1522.99,2564.62,1466.07
2026-08-03,1514.33,2551.09,1473.54
2026-08-04,1527.96,2611.09,1512.98
2026-08-05,1550.85,2685.79,1559.64
2026-08-06,1547.83,2680.8,1563.42
2026-08-07,1559.1,2732.06,1592.54
2026-08-10,1558.77,2733.3,1596.02
2026-08-11,1552.19,2730.04,1597.28
2026-08-12,1557.56,2744.68,1610.75
2026-08-13,1551.86,2728.03,1601.69
2026-08-14,1550.65,2726.3,1605.04
2026-08-17,1577.03,2802.87,1652.21
2026-08-18,1567.36,2782.27,1637.94
2026-08-19,1528.43,2674.56,1566.99
2026-08-20,1528.36,2691.55,1576.93
2026-08-21,1535.75,2691.9,1579.2
2026-08-24,1519.1,2645.56,1557.96
2026-08-25,1517.56,2648.54,1566.48
2026-08-26,1532.66,2673.45,1571.81
2026-08-27,1545.41,2740.79,1612.68
2026-08-28,1541.65,2723.73,1608.48
2026-08-31,1544.34,2738.3,1618.35
2026-09-01,1542.86,2705.63,1603.95
2026-09-02,1521.05,2661.93,1582.01
2026-09-03,1522.59,2672.54,1585.99
2026-09-04,1522.79,2638.49,1566.86
2026-09-07,1528.9,2676.01,1595.35
2026-09-08,1526.01,2685.44,1601.52
2026-09-09,1530.38,2683.78,1598.41
2026-09-10,1524.4,2672.4,1589.06
2026-09-11,1510.09,2619.18,1554.03
2026-09-14,1502.83,2621.18,1565.11
2026-09-15,1491.46,2622.32,1561.04
2026-09-16,1502.97,2670.19,1597.33
2026-09-17,1497.83,2663.99,1591.61
2026-09-18,1517.28,2725.84,1624.91
2026-09-21,1528.79,2737.12,1636.77
2026-09-22,1534.2,2736.55,1641.01
2026-09-23,1527.76,2729.2,1640.54
2026-09-24,1498.04,2658.28,1600.05
2026-09-28,1465.78,2593.49,1549.44
